stag,gender,age,industry,profession,traffic,coach,head_gender,greywage,way,extraversion,independ,selfcontrol,anxiety,novator
7.030800821,1,35.0,2,6,4,1,0,1,0,6.2,4.1,5.7,7.1,8.3
22.9650924,1,33.0,2,6,2,1,1,1,0,6.2,4.1,5.7,7.1,8.3
15.93429158,0,35.0,8,6,4,1,1,1,0,6.2,6.2,2.6,4.8,8.3
15.93429158,0,35.0,8,6,4,1,1,1,0,5.4,7.6,4.9,2.5,6.7
8.410677618,1,32.0,10,2,7,2,0,1,0,3.0,4.1,8.0,7.1,3.7
8.969199179,0,42.0,14,6,2,2,1,1,0,6.2,6.2,4.1,5.6,6.7
8.969199179,0,42.0,14,6,2,2,1,1,0,6.2,6.2,4.1,5.6,6.7
120.4435318,0,28.0,10,6,6,1,1,1,0,3.8,5.5,8.0,4.0,4.4
8.607802875,0,29.0,2,6,2,1,0,1,0,8.6,6.9,2.6,4.0,7.5
4.435318275,0,30.0,4,9,7,2,1,1,0,5.4,5.5,3.3,7.9,8.3
67.35112936,0,40.0,14,6,4,1,1,1,1,8.6,4.1,1.8,7.1,6.7
20.92813142,1,23.0,2,6,6,2,1,1,0,3.0,6.9,4.9,4.8,7.5
20.92813142,0,22.0,4,6,4,0,0,1,2,5.4,8.4,4.9,3.3,6.0
8.936344969,0,24.0,11,13,1,2,0,1,2,7.0,6.2,4.1,7.1,9.0
33.57700205,0,25.0,13,6,0,0,0,1,2,9.4,1.2,4.1,5.6,6.7
16.39425051,0,28.0,3,6,7,1,1,1,1,8.6,5.5,4.9,4.8,5.2
15.34291581,0,30.0,2,6,4,1,1,1,0,5.4,5.5,3.3,4.8,6.7
26.4476386,0,27.0,5,11,6,2,1,1,0,5.4,6.9,2.6,5.6,8.3
14.71868583,0,36.0,2,6,6,2,0,0,0,5.4,6.9,3.3,3.3,7.5
45.37166324,0,29.0,13,6,6,1,1,1,0,7.8,6.2,6.4,7.9,6.0
45.37166324,0,29.0,13,6,6,1,1,1,0,3.8,3.4,5.7,8.7,7.5
36.96098563,0,48.0,11,1,2,1,0,1,0,4.6,6.2,4.9,5.6,6.7
22.47227926,0,29.0,2,5,0,1,0,1,1,7.8,4.8,5.7,7.1,6.0
59.20328542,0,25.0,2,6,5,2,0,1,0,5.4,4.8,7.2,5.6,5.2
59.20328542,0,25.0,2,6,5,2,0,1,0,4.6,4.1,8.7,5.6,2.1
12.38603696,0,36.0,2,5,4,1,1,1,1,7.8,6.9,3.3,3.3,7.5
24.3449692,0,36.0,10,6,4,0,1,1,0,7.8,2.6,5.7,7.1,5.2
11.95893224,1,29.0,2,6,4,1,0,1,1,3.8,1.9,9.5,7.9,3.7
3.252566735,0,35.0,0,6,2,0,0,1,0,3.0,7.6,7.2,4.0,7.5
3.252566735,0,35.0,0,6,2,0,0,1,0,1.4,8.4,8.0,4.8,6.0
14.58726899,0,21.0,12,11,4,2,0,1,0,8.6,4.1,4.9,5.6,6.0
16.91991786,1,35.0,13,11,7,1,1,1,1,4.6,3.4,4.1,8.7,4.4
28.15605749,0,25.0,13,13,6,0,0,1,0,3.8,6.9,6.4,7.1,7.5
60.94455852,0,30.40033257,10,6,7,1,1,1,0,7.0,6.2,4.1,2.5,6.7
87.68788501,0,29.0,4,6,4,1,0,1,0,7.0,6.2,4.1,4.0,9.0
43.4661191,0,22.0,7,6,4,1,1,1,0,3.0,4.1,8.7,7.1,6.0
22.73511294,0,34.0,10,6,0,1,1,1,1,5.4,5.5,4.9,4.8,4.4
22.73511294,0,34.0,10,6,0,1,1,1,1,6.2,6.2,4.9,3.3,2.9
22.73511294,0,34.0,10,6,0,1,1,1,1,5.4,5.5,4.9,4.8,4.4
22.73511294,0,34.0,10,6,0,1,1,1,1,6.2,6.2,4.9,3.3,2.9
13.07597536,0,21.0,13,6,2,1,0,1,0,5.4,7.6,4.9,3.3,2.1
7.589322382,0,22.0,13,6,7,2,0,0,1,7.0,4.8,6.4,4.0,4.4
36.23819302,0,32.0,10,6,7,1,1,1,1,3.0,7.6,7.2,4.8,2.9
19.08829569,0,36.0,7,13,2,1,0,1,1,4.6,7.6,5.7,5.6,8.3
4.369609856,0,30.0,2,6,7,1,1,1,0,6.2,3.4,8.0,3.3,3.7
80.98562628,0,32.0,10,6,4,0,1,1,0,3.8,6.2,8.0,4.0,6.0
9.100616016,0,33.0,10,6,2,1,1,1,1,7.0,4.8,4.1,7.1,8.3
36.92813142,0,49.0,11,1,2,0,0,1,0,4.6,6.2,4.9,5.6,6.7
3.975359343,0,29.0,10,6,2,2,1,1,0,7.8,5.5,5.7,4.0,5.2
3.975359343,0,29.0,10,6,2,2,1,1,0,6.2,6.2,5.7,6.3,2.9
3.975359343,0,29.0,10,6,2,2,1,1,0,7.0,6.2,5.7,4.0,3.7
7.589322382,1,36.0,6,6,2,1,1,1,2,4.6,4.8,7.2,6.3,7.5
95.21149897,0,22.0,11,12,1,0,1,1,0,8.6,4.8,4.9,4.0,6.7
41.69199179,0,21.0,15,6,2,2,0,1,2,7.8,5.5,2.6,7.1,9.0
14.9486653,0,25.0,10,6,2,1,0,1,0,8.6,6.2,3.3,6.3,6.0
50.72689938,1,38.0,14,6,4,1,1,1,1,6.2,3.4,7.2,6.3,3.7
50.72689938,1,38.0,14,6,4,1,1,1,1,7.0,5.5,5.7,6.3,6.0
35.28542094,0,23.0,4,6,2,2,0,1,0,10.0,4.8,4.1,5.6,8.3
35.28542094,0,23.0,4,6,2,2,0,1,0,8.6,4.8,4.1,6.3,9.0
35.94250513,1,38.0,2,1,5,1,1,1,1,8.6,3.4,6.4,4.0,6.0
15.57289528,0,24.0,10,6,7,1,0,1,2,6.2,7.6,3.3,3.3,6.7
15.57289528,0,24.0,10,6,7,1,0,1,2,6.2,7.6,3.3,3.3,6.7
52.96098563,0,36.0,14,6,4,0,1,1,1,4.6,4.1,8.0,5.6,6.0
7.819301848,0,21.0,11,11,1,0,1,0,0,4.6,5.5,7.2,3.3,5.2
81.83983573,0,29.0,12,6,4,0,0,1,2,3.8,6.9,6.4,5.6,8.3
55.72073922,0,29.0,2,6,2,0,0,1,0,7.0,6.2,4.1,4.0,4.4
4.336755647,0,26.0,14,6,6,1,0,1,1,3.8,4.8,5.7,7.9,2.9
18.95687885,1,36.0,13,14,4,0,1,1,1,6.2,4.1,6.4,6.3,5.2
18.95687885,1,36.0,13,14,4,0,1,1,1,8.6,2.6,7.2,4.8,4.4
53.81519507,0,30.40033257,11,12,5,1,1,1,2,4.6,9.1,4.1,4.0,6.0
90.51334702,0,22.0,11,6,6,0,0,1,0,6.2,5.5,3.3,6.3,6.7
40.57494867,1,29.0,2,9,4,1,0,1,0,6.2,4.8,6.4,5.6,5.2
59.49897331,0,23.0,11,12,1,1,0,1,0,7.0,5.5,3.3,6.3,5.2
6.603696099,1,22.0,14,14,1,1,0,1,2,7.8,5.5,1.0,9.4,9.0
44.78028747,0,36.0,13,6,4,1,1,1,0,7.8,4.8,4.9,5.6,9.0
6.669404517,1,27.0,11,12,4,1,0,1,0,6.2,5.5,6.4,4.0,4.4
15.70431211,0,34.0,10,6,2,1,0,1,1,8.6,5.5,4.1,5.6,6.7
15.70431211,0,34.0,10,6,2,1,0,1,1,8.6,3.4,4.1,7.1,6.0
15.70431211,0,34.0,10,6,2,1,0,1,1,7.8,4.1,4.1,7.1,6.7
59.20328542,0,25.0,2,6,5,1,0,1,0,5.4,4.8,7.2,5.6,5.2
59.20328542,0,25.0,2,6,5,1,0,1,0,4.6,4.1,8.7,5.6,2.1
17.3798768,0,24.0,4,6,4,1,0,1,0,5.4,6.9,4.9,4.0,6.7
38.86652977,0,27.0,10,13,6,2,1,1,0,5.4,6.9,2.6,5.6,8.3
7.950718686,0,34.0,2,1,0,0,1,1,1,7.0,6.2,7.2,2.5,5.2
7.950718686,0,34.0,2,1,0,0,1,1,1,8.6,6.9,5.7,3.3,4.4
96.52566735,0,24.0,5,6,0,1,0,1,0,6.2,4.8,7.2,4.0,6.7
86.53798768,0,23.0,11,12,6,2,0,1,0,3.8,6.9,8.0,1.7,2.1
52.862423,0,38.0,12,6,7,1,1,1,1,4.6,5.5,7.2,6.3,7.5
17.57700205,0,25.0,2,6,2,1,1,1,0,6.2,6.2,5.7,5.6,7.5
17.57700205,0,25.0,2,6,2,1,1,1,0,6.2,7.6,4.1,4.8,9.0
25.06776181,0,28.0,14,6,7,0,1,1,0,6.2,4.8,4.1,4.0,6.7
86.83367556,0,29.0,14,6,4,0,0,1,1,7.0,5.5,1.8,6.3,6.0
13.10882957,1,26.0,13,2,4,1,1,1,1,6.2,4.1,4.9,6.3,2.9
26.18480493,1,21.0,13,9,6,1,1,1,0,4.6,6.9,4.1,5.6,6.0
9.626283368,0,25.0,4,6,7,0,0,1,0,5.4,6.9,5.7,3.3,2.9
9.889117043,0,25.0,4,6,7,0,0,1,0,5.4,6.9,5.7,3.3,2.9
3.351129363,0,24.0,4,6,7,1,0,1,0,4.6,6.9,5.7,5.6,2.9
15.3100616,0,31.0,11,6,4,1,1,0,0,2.2,1.0,8.0,8.7,3.7
80.06570842,0,45.0,10,6,2,1,0,1,0,3.0,5.5,10.0,6.3,2.9
16.78850103,0,21.0,13,13,4,0,0,1,0,7.0,6.9,5.7,4.0,5.2
19.44969199,0,22.0,13,6,7,0,0,1,0,5.4,6.2,4.1,8.7,8.3
9.034907598,0,37.0,6,2,0,2,1,1,0,3.8,7.6,4.9,7.1,9.0
18.49691992,0,32.0,13,6,2,0,1,1,0,7.8,6.2,3.3,4.0,8.3
53.19096509,0,37.0,14,6,4,0,1,1,0,7.0,4.8,5.7,6.3,8.3
42.57905544,0,30.0,10,6,0,1,0,1,0,6.2,6.2,5.7,5.6,8.3
23.6550308,0,37.0,15,6,7,1,1,1,0,6.2,5.5,5.7,6.3,9.0
41.29774127,0,22.0,7,6,4,1,1,1,0,3.8,1.9,8.7,6.3,4.4
41.29774127,0,22.0,7,6,4,1,1,1,0,5.4,2.6,8.0,7.1,5.2
123.3347023,0,22.0,2,7,6,0,1,1,0,4.6,4.8,6.4,7.1,6.0
123.3347023,0,22.0,2,7,6,0,1,1,0,4.6,6.2,6.4,4.0,6.7
13.17453799,1,28.0,12,7,4,1,1,1,1,8.6,6.2,1.0,5.6,6.7
13.17453799,1,28.0,12,7,4,1,1,1,1,7.0,6.2,2.6,5.6,8.3
14.85010267,1,25.0,14,6,2,0,0,1,1,6.2,5.5,5.7,5.6,4.4
24.24640657,0,23.0,3,9,4,0,0,1,0,3.8,7.6,7.2,2.5,4.4
12.09034908,1,25.0,3,6,7,2,0,1,0,7.0,4.8,4.9,5.6,6.0
11.49897331,0,26.0,2,6,7,1,0,1,0,4.6,6.2,5.7,4.0,6.0
11.49897331,0,26.0,2,6,7,1,0,1,0,4.6,5.5,6.4,5.6,5.2
27.36755647,1,30.0,10,11,7,1,1,1,1,7.0,4.8,1.8,8.7,6.7
15.54004107,1,38.0,5,7,6,1,1,1,1,6.2,4.1,1.8,8.7,8.3
4.960985626,0,37.0,11,9,5,1,0,1,2,9.4,4.1,4.9,4.0,8.3
19.8110883,0,26.0,1,8,4,1,1,0,0,5.4,4.8,8.7,5.6,2.9
103.3921971,0,27.0,2,6,7,1,0,1,1,3.8,4.8,9.5,6.3,3.7
3.975359343,0,29.0,10,13,2,1,1,1,0,7.8,5.5,5.7,4.0,5.2
3.975359343,0,29.0,10,13,2,1,1,1,0,6.2,6.2,5.7,6.3,2.9
3.975359343,0,29.0,10,13,2,1,1,1,0,7.0,6.2,5.7,4.0,3.7
70.93223819,0,26.0,14,6,4,1,1,1,0,3.8,5.5,8.7,3.3,3.7
70.93223819,0,26.0,14,6,4,1,1,1,0,3.0,6.9,6.4,3.3,2.9
51.94250513,0,49.0,14,6,2,0,1,1,0,6.2,8.4,3.3,3.3,6.0
38.76796715,1,21.0,2,6,5,2,0,1,2,7.8,6.2,2.6,5.6,9.0
38.76796715,1,21.0,2,6,5,2,0,1,2,7.0,3.4,3.3,7.1,8.3
34.95687885,1,26.0,6,6,2,2,0,1,1,4.6,3.4,8.7,7.9,7.5
49.3798768,0,22.0,13,9,4,1,0,0,1,5.4,6.9,6.4,4.0,4.4
25.65913758,1,51.0,10,13,6,1,1,1,1,3.0,5.5,9.5,5.6,5.2
50.72689938,0,28.0,14,5,4,1,1,1,1,7.8,3.4,6.4,4.0,4.4
22.07802875,1,52.0,4,3,4,1,1,1,2,3.0,9.1,4.9,6.3,6.7
11.07186858,0,43.0,7,6,7,0,0,1,1,4.6,5.5,3.3,7.9,7.5
50.59548255,0,44.0,14,6,4,1,1,0,1,7.0,6.9,4.9,3.3,6.0
17.41273101,0,45.0,14,4,4,0,0,1,0,3.8,4.1,7.2,5.6,3.7
24.41067762,0,27.0,3,6,4,1,0,1,0,3.8,9.8,4.1,4.0,9.0
23.88501027,0,26.0,10,6,7,0,0,1,0,7.0,5.5,4.1,4.8,7.5
20.04106776,0,25.0,14,6,1,2,0,1,1,9.4,3.4,1.8,8.7,7.5
150.9979466,0,19.0,2,6,1,2,1,1,2,7.0,3.4,5.7,7.9,6.7
10.7761807,0,31.0,13,6,4,1,1,1,0,9.4,3.4,1.0,8.7,9.8
78.68583162,0,31.0,2,6,4,1,0,0,0,3.8,4.1,7.2,8.7,2.1
78.68583162,0,31.0,2,6,4,1,0,0,0,3.8,4.1,7.2,8.7,2.1
81.18275154,0,31.0,9,6,6,0,0,1,0,6.2,4.8,8.7,6.3,5.2
13.40451745,0,30.40033257,13,6,7,1,0,1,0,6.2,4.1,6.4,6.3,1.0
13.40451745,0,30.40033257,13,6,7,1,0,1,0,7.0,6.9,4.1,6.3,3.7
142.4558522,0,18.0,10,6,1,1,0,1,0,6.2,5.5,6.4,4.8,5.2
10.94045175,1,33.0,5,3,7,2,1,1,1,3.0,10.0,5.7,6.3,8.3
12.05749487,0,36.0,10,11,7,1,1,1,0,5.4,4.8,4.9,4.8,6.0
54.07802875,0,31.0,13,6,2,0,1,1,1,3.0,5.5,7.2,5.6,6.0
5.650924025,0,45.0,5,6,4,1,1,1,1,7.8,4.8,4.1,4.0,6.0
19.84394251,0,29.0,10,6,2,0,0,1,1,8.6,6.9,4.9,3.3,6.0
79.86858316,1,23.0,2,6,4,1,0,1,0,5.4,5.5,5.7,8.7,5.2
8.772073922,0,27.0,10,6,4,0,0,1,1,6.2,4.8,6.4,6.3,2.9
19.18685832,0,22.0,10,11,7,2,1,0,0,8.6,4.1,4.9,4.8,5.2
7.589322382,1,47.0,14,2,2,1,1,0,0,3.8,1.9,8.7,8.7,2.1
7.589322382,1,47.0,14,2,2,1,1,0,0,4.6,4.1,5.7,9.4,3.7
7.589322382,1,47.0,14,2,2,1,1,0,0,3.0,5.5,4.9,9.4,4.4
10.84188912,0,30.40033257,4,6,7,1,1,1,0,7.8,5.5,4.9,7.1,6.0
51.08829569,0,28.0,15,6,4,0,0,1,1,4.6,6.9,4.9,4.0,6.0
128.0657084,0,43.0,14,6,4,0,1,1,0,4.6,7.6,4.9,5.6,6.0
28.35318275,1,26.0,4,3,6,1,0,1,0,8.6,5.5,4.1,7.1,6.7
4.533880903,0,31.0,10,11,0,1,0,0,0,5.4,5.5,7.2,4.8,1.3
17.93839836,1,24.0,10,6,2,0,0,0,0,4.6,7.6,6.4,4.8,6.7
23.45790554,0,27.0,3,6,4,1,0,1,0,3.8,9.8,4.1,4.0,9.0
16.22997947,1,35.0,10,6,4,1,1,1,1,6.2,5.5,5.7,4.0,2.9
16.22997947,1,35.0,10,6,4,1,1,1,1,7.0,4.8,2.6,5.6,6.0
71.2936345,0,31.0,8,6,7,0,0,1,1,5.4,4.1,6.4,4.8,4.4
9.527720739,1,23.0,5,6,2,1,0,1,0,7.0,4.1,6.4,4.8,5.2
17.01848049,0,40.0,2,11,1,0,0,1,1,5.4,4.1,4.9,6.3,7.5
130.9897331,0,31.0,5,6,0,1,1,1,0,5.4,6.9,3.3,4.0,8.3
37.09240246,0,37.0,13,6,7,2,0,1,0,6.2,6.2,6.4,5.6,5.2
0.427104723,0,24.0,5,6,7,2,0,1,0,8.6,4.1,4.9,3.3,6.0
12.8788501,0,23.0,3,6,2,1,0,0,0,5.4,8.4,4.1,4.8,6.0
12.8788501,0,23.0,3,6,2,1,0,0,0,7.8,5.5,4.1,4.8,5.2
8.147843943,0,46.0,9,6,4,1,1,1,1,4.6,7.6,6.4,4.0,6.0
7.326488706,0,23.0,4,9,7,2,0,1,0,6.2,4.8,5.7,3.3,3.7
17.93839836,0,40.0,5,6,2,2,1,1,0,3.0,8.4,7.2,4.8,8.3
14.6201232,1,39.0,14,4,5,1,1,1,1,3.8,4.8,5.7,7.9,3.7
16.0,0,28.0,10,6,7,1,0,1,1,3.0,5.5,6.4,5.6,3.7
32.45995893,1,40.0,13,6,2,2,1,1,1,5.4,3.4,5.7,7.9,9.8
73.49486653,1,33.0,10,5,4,1,0,1,0,2.2,6.2,6.4,6.3,5.2
73.49486653,1,33.0,10,5,4,1,0,1,0,3.8,4.1,8.0,6.3,4.4
11.8275154,0,24.0,2,6,6,1,0,1,2,7.8,6.2,4.9,1.7,3.7
46.35728953,0,38.0,10,6,4,1,1,1,0,6.2,4.1,4.9,5.6,6.7
52.50102669,1,35.0,14,1,4,1,1,1,1,5.4,4.8,4.1,7.9,7.5
14.98151951,0,33.0,14,6,6,0,1,1,1,4.6,4.8,7.2,7.9,6.0
26.21765914,0,36.0,13,6,2,1,1,1,2,3.0,6.9,6.4,4.8,6.0
26.21765914,0,36.0,13,6,2,1,1,1,2,2.2,6.9,8.0,6.3,3.7
26.21765914,0,36.0,13,6,2,1,1,1,2,3.0,6.9,7.2,4.8,5.2
29.07597536,0,22.0,13,6,7,2,0,1,0,9.4,4.1,4.1,4.8,9.0
33.3798768,0,38.0,14,6,4,1,1,1,0,7.8,2.6,5.7,7.1,5.2
5.848049281,0,23.0,2,6,4,2,0,1,0,4.6,6.9,7.2,5.6,4.4
5.848049281,0,23.0,2,6,4,2,0,1,0,6.2,4.8,4.9,4.8,3.7
77.53593429,0,24.0,13,11,4,0,0,1,0,6.2,5.5,5.7,3.3,2.1
166.275154,1,26.0,10,11,5,1,1,1,1,3.0,5.5,5.7,7.1,6.7
107.1704312,0,33.0,13,13,1,1,1,1,0,5.4,1.0,9.5,9.4,5.2
19.44969199,0,40.0,2,6,2,2,0,0,0,6.2,3.4,8.0,3.3,3.7
8.640657084,0,23.0,14,14,0,1,0,1,1,3.8,4.1,8.7,4.0,2.9
13.66735113,0,27.0,10,6,7,1,1,1,1,8.6,4.8,7.2,4.0,3.7
6.275154004,0,24.0,8,11,2,0,0,1,0,5.4,6.2,4.1,6.3,9.8
23.19507187,0,30.0,2,6,4,1,0,1,1,5.4,7.6,2.6,5.6,6.0
16.32854209,0,37.0,7,13,2,1,0,1,1,4.6,7.6,5.7,5.6,8.3
26.11909651,0,31.0,14,6,4,1,1,0,0,3.0,7.6,4.9,5.6,5.2
35.38398357,0,31.0,10,6,0,1,1,1,0,3.8,10.0,3.3,3.3,6.7
25.98767967,0,23.0,5,6,7,0,0,1,0,1.4,2.6,9.5,8.7,2.1
3.58110883,0,40.0,2,6,2,1,0,1,0,7.8,5.5,2.6,6.3,8.3
3.58110883,0,40.0,2,6,2,1,0,1,0,8.6,5.5,3.3,6.3,7.5
3.58110883,0,40.0,2,6,2,1,0,1,0,7.0,6.9,4.1,5.6,7.5
1.708418891,0,37.0,13,9,7,1,0,1,0,4.6,2.6,8.7,4.0,2.9
25.23203285,0,30.0,10,11,7,1,0,1,0,4.6,2.6,7.2,6.3,5.2
13.8973306,0,38.0,11,12,6,1,0,1,2,3.0,9.1,4.1,4.8,6.0
63.11293634,1,32.0,6,8,4,1,0,1,0,3.0,4.8,4.1,7.1,7.5
11.30184805,0,34.0,3,9,6,1,1,0,1,9.4,3.4,4.9,3.3,6.0
11.69609856,0,25.0,14,6,7,0,0,0,1,3.0,4.8,7.2,7.9,5.2
11.69609856,0,25.0,14,6,7,0,0,0,1,3.0,5.5,5.7,7.1,5.2
30.22587269,1,33.0,10,6,2,0,0,1,1,4.6,6.2,8.0,7.1,5.2
30.22587269,1,33.0,10,6,2,0,0,1,1,5.4,7.6,5.7,7.1,6.0
38.01232033,1,33.0,10,6,4,0,1,1,1,3.0,4.1,8.0,7.1,3.7
21.61806982,1,37.0,14,14,4,1,1,0,0,3.8,4.8,4.9,7.1,6.7
39.06365503,0,31.0,14,6,4,0,0,1,0,6.2,4.8,4.1,4.8,5.2
138.9404517,0,30.0,9,1,6,0,1,1,2,5.4,6.9,2.6,5.6,8.3
23.6550308,1,26.0,14,4,6,0,1,1,0,4.6,5.5,8.7,5.6,1.3
20.56673511,1,33.0,2,13,7,1,1,1,1,6.2,4.1,3.3,8.7,9.8
94.12731006,0,25.0,10,6,7,1,1,0,1,6.2,3.4,6.4,6.3,7.5
2.102669405,0,32.0,13,9,4,0,1,1,2,5.4,5.5,3.3,7.9,8.3
96.65708419,0,36.0,10,6,0,1,1,1,1,6.2,6.2,5.7,4.0,5.2
34.49691992,0,38.0,3,6,6,1,1,1,1,1.4,4.8,5.7,6.3,6.7
46.78439425,0,23.0,10,9,1,0,0,1,1,3.0,6.2,8.7,4.8,6.0
80.16427105,0,26.0,11,14,6,1,0,1,2,4.6,5.5,8.0,4.8,5.2
11.89322382,0,24.0,2,6,4,1,0,1,2,7.8,6.2,4.9,1.7,3.7
79.86858316,0,25.0,10,6,2,1,1,1,0,7.8,6.9,3.3,3.3,5.2
2.201232033,0,33.0,2,6,4,1,0,1,1,5.4,6.2,7.2,2.5,5.2
16.82135524,0,32.0,7,11,4,1,0,1,0,5.4,7.6,8.7,2.5,2.9
6.045174538,0,44.0,2,6,0,1,0,1,1,4.6,4.8,8.7,4.8,6.0
1.741273101,0,24.0,4,3,7,1,0,0,0,6.2,4.8,8.0,4.0,2.9
24.18069815,0,23.0,14,6,7,0,0,1,0,6.2,3.4,6.4,4.8,3.7
38.01232033,0,25.0,14,6,7,1,0,1,0,6.2,3.4,6.4,4.8,3.7
5.749486653,0,34.0,13,6,2,1,1,1,1,8.6,5.5,1.0,6.3,9.8
12.02464066,1,30.0,10,11,4,1,1,0,1,5.4,4.1,4.9,6.3,6.0
8.31211499,0,29.0,11,12,1,1,0,1,2,9.4,5.5,3.3,3.3,5.2
15.21149897,0,30.0,6,6,7,0,0,1,1,4.6,6.9,7.2,3.3,6.7
93.9301848,0,29.0,5,6,4,1,0,1,0,4.6,7.6,7.2,2.5,4.4
27.56468172,0,26.0,0,6,7,0,0,1,1,3.0,6.9,7.2,4.8,5.2
49.14989733,0,28.0,10,6,4,0,1,1,0,7.8,6.9,4.1,3.3,7.5
86.6036961,0,33.0,0,6,7,0,1,1,0,3.8,8.4,8.0,4.0,4.4
86.6036961,0,33.0,0,6,7,0,1,1,0,4.6,9.1,4.9,3.3,2.9
53.35523614,0,27.0,10,6,4,1,1,1,2,7.0,5.5,4.9,6.3,8.3
139.0718686,0,32.0,11,12,4,1,0,1,0,7.8,4.8,4.1,3.3,7.5
28.35318275,0,31.0,2,6,2,1,0,0,0,7.0,6.2,1.0,9.4,7.5
23.12936345,0,23.0,10,6,7,2,0,1,0,6.2,4.8,7.2,4.0,6.7
15.14579055,1,22.0,8,13,5,1,1,1,0,6.2,2.6,7.2,5.6,6.7
160.0657084,0,24.0,12,6,6,1,1,1,0,1.0,6.9,9.5,4.8,7.5
19.71252567,0,23.0,10,11,2,0,0,1,0,7.0,4.8,4.1,5.6,6.7
16.82135524,0,32.0,10,6,4,1,0,1,0,3.0,4.1,7.2,7.1,8.3
15.86858316,1,42.0,14,1,7,1,1,1,1,1.4,4.1,9.5,7.1,5.2
70.30800821,1,22.0,8,9,4,1,1,1,0,5.4,4.1,8.7,4.0,2.1
2.792607803,1,39.0,2,1,7,1,0,1,0,7.8,4.8,1.8,8.7,8.3
13.01026694,1,34.0,13,6,2,1,1,0,0,3.8,2.6,8.0,9.4,6.0
88.90349076,0,30.0,11,6,7,1,1,1,0,4.6,2.6,7.2,7.1,6.7
123.0718686,0,28.0,10,9,4,1,0,1,1,3.0,8.4,3.3,7.9,8.3
59.99178645,0,31.0,10,1,6,1,1,1,1,4.6,4.8,8.0,4.8,6.7
59.99178645,0,31.0,10,1,6,1,1,1,1,6.2,6.9,7.2,4.8,5.2
26.67761807,0,32.0,13,6,7,2,0,1,0,3.0,8.4,7.2,6.3,7.5
18.00410678,0,40.0,14,6,7,1,1,1,0,3.0,6.9,4.9,5.6,6.0
16.59137577,0,22.0,5,14,7,2,0,1,0,8.6,6.2,2.6,5.6,9.8
2.759753593,0,41.0,2,6,4,1,1,1,0,3.8,8.4,2.6,4.8,7.5
23.68788501,0,24.0,14,6,4,0,0,0,0,3.0,4.8,7.2,7.9,5.2
23.68788501,0,24.0,14,6,4,0,0,0,0,3.0,5.5,5.7,7.1,5.2
16.42710472,0,26.0,13,4,2,1,1,1,0,6.2,5.5,3.3,6.3,8.3
45.96303901,0,36.0,9,14,4,1,1,1,0,5.4,5.5,7.2,4.8,4.4
12.02464066,1,30.0,10,11,4,1,1,0,1,5.4,4.1,4.9,6.3,6.0
73.65913758,0,30.0,10,6,7,2,0,1,0,4.6,4.8,5.7,8.7,6.0
2.759753593,0,31.0,5,6,7,1,1,1,0,7.0,3.4,8.0,7.9,6.0
26.94045175,0,24.0,7,6,2,1,0,1,0,5.4,4.8,4.9,4.8,5.2
2.431211499,0,28.0,5,6,7,1,0,1,0,6.2,3.4,4.9,7.9,7.5
68.27104723,0,24.0,13,10,6,1,0,1,2,7.0,4.1,2.6,7.9,7.5
68.27104723,0,24.0,13,10,6,1,0,1,2,7.8,6.2,2.6,5.6,6.7
1.642710472,0,44.0,13,6,7,1,1,1,0,4.6,7.6,5.7,2.5,6.0
76.15605749,0,24.0,10,6,4,2,1,1,1,7.0,6.2,1.8,6.3,7.5
12.35318275,1,39.0,10,14,2,1,1,1,1,6.2,3.4,6.4,6.3,7.5
58.21765914,0,35.0,12,1,6,0,0,1,0,8.6,5.5,3.3,4.8,6.7
32.49281314,0,40.0,10,6,0,1,1,1,1,6.2,6.2,5.7,4.8,7.5
6.275154004,0,30.40033257,10,9,7,2,0,1,0,7.8,6.2,4.9,4.0,8.3
5.026694045,0,26.0,2,6,7,1,0,0,0,4.6,6.2,5.7,4.0,6.0
5.026694045,0,26.0,2,6,7,1,0,0,0,4.6,5.5,6.4,5.6,5.2
22.66940452,0,31.0,13,6,2,1,0,1,0,5.4,5.5,4.9,5.6,6.7
27.36755647,0,26.0,5,6,2,2,0,1,0,9.4,6.2,2.6,4.0,6.0
27.36755647,0,26.0,5,6,2,2,0,1,0,6.2,7.6,4.1,3.3,6.7
150.1437372,0,33.0,7,6,2,1,0,1,1,5.4,3.4,5.7,7.1,5.2
53.2238193,0,23.0,4,6,2,2,0,1,2,8.6,5.5,2.6,4.8,7.5
5.9137577,0,32.0,10,6,4,1,0,1,0,3.8,6.2,8.0,4.0,6.7
53.97946612,1,28.0,13,7,7,1,1,1,0,7.8,6.9,2.6,6.3,7.5
73.82340862,0,26.0,10,13,7,1,1,1,1,10.0,5.5,2.6,6.3,6.7
27.49897331,0,27.0,13,6,0,1,0,1,0,3.8,1.9,9.5,7.1,2.1
44.48459959,1,22.0,5,7,4,0,1,1,2,4.6,2.6,6.4,9.4,6.0
54.01232033,1,37.0,5,7,4,1,1,1,0,10.0,3.4,3.3,6.3,10.0
8.574948665,1,38.0,1,6,2,1,0,1,0,4.6,4.1,4.1,8.7,8.3
64.29568789,1,44.0,10,11,7,1,1,0,0,2.2,5.5,8.7,7.1,6.7
27.23613963,0,27.0,13,13,2,1,1,1,0,7.0,6.9,5.7,3.3,6.7
23.9835729,0,23.0,1,3,6,2,1,1,0,4.6,6.9,7.2,3.3,2.1
23.9835729,0,23.0,1,3,6,2,1,1,0,4.6,6.9,7.2,2.5,2.9
23.9835729,0,23.0,1,3,6,0,1,1,0,4.6,6.9,7.2,3.3,2.1
23.9835729,0,23.0,1,3,6,0,1,1,0,4.6,6.9,7.2,2.5,2.9
37.78234086,0,34.0,3,6,7,0,0,1,0,4.6,2.6,5.7,7.9,7.5
17.80698152,1,23.0,12,4,2,1,1,0,0,3.8,9.1,8.7,4.8,5.2
95.44147844,0,25.0,10,6,7,1,1,0,0,6.2,3.4,6.4,6.3,7.5
27.59753593,0,26.0,10,6,5,1,0,1,0,4.6,6.2,5.7,6.3,4.4
27.59753593,0,26.0,10,6,5,1,0,1,0,3.8,4.1,8.7,7.9,5.2
72.41067762,0,30.0,10,13,7,1,0,0,0,6.2,2.6,6.4,5.6,6.0
2.98973306,1,45.0,12,1,3,0,1,1,0,3.0,8.4,7.2,7.1,6.0
11.53182752,0,31.0,15,3,3,1,1,1,0,5.4,6.2,6.4,4.0,3.7
11.53182752,0,31.0,15,3,3,1,1,1,0,3.8,3.4,8.0,6.3,6.0
23.52361396,0,36.0,14,13,2,0,0,1,2,4.6,4.1,4.9,5.6,3.7
23.52361396,0,36.0,14,13,2,0,0,1,2,6.2,4.8,5.7,4.0,2.9
40.04928131,0,29.0,8,2,7,1,1,0,1,5.4,6.2,4.1,5.6,8.3
54.04517454,0,30.0,12,6,7,2,0,1,2,5.4,4.1,4.9,8.7,7.5
20.92813142,0,23.0,14,4,7,2,1,1,0,3.0,6.9,5.7,7.9,5.2
20.92813142,0,23.0,14,4,7,2,1,1,0,4.6,6.9,7.2,4.8,5.2
11.99178645,0,27.0,10,6,4,2,0,1,0,6.2,6.9,3.3,4.8,6.7
44.97741273,1,29.0,4,6,2,1,1,1,1,3.0,4.8,4.9,6.3,7.5
14.22587269,0,28.0,11,14,4,1,0,1,0,7.0,6.9,6.4,2.5,5.2
58.94045175,1,46.0,4,6,1,1,0,1,0,3.0,6.2,8.0,5.6,3.7
61.73305955,1,23.0,11,8,6,0,1,1,1,4.6,6.9,7.2,3.3,2.1
61.73305955,1,23.0,11,8,6,0,1,1,1,4.6,6.9,7.2,2.5,2.9
140.9445585,0,26.0,3,6,4,1,1,1,2,3.8,1.9,8.7,6.3,4.4
140.9445585,0,26.0,3,6,4,1,1,1,2,5.4,2.6,8.0,7.1,5.2
6.176591376,0,38.0,15,6,7,1,1,0,0,6.2,6.2,8.0,2.5,3.7
6.176591376,0,38.0,15,6,7,1,1,0,0,4.6,6.2,8.0,4.0,3.7
94.9486653,1,26.0,10,7,3,1,1,1,0,3.8,7.6,7.2,7.9,4.4
70.17659138,0,31.0,10,6,7,0,0,1,0,4.6,5.5,7.2,3.3,2.9
70.17659138,0,31.0,10,6,7,0,0,1,0,4.6,5.5,7.2,4.8,3.7
57.23203285,0,36.0,3,6,0,1,0,1,0,3.8,5.5,6.4,5.6,6.0
45.73305955,0,33.0,8,6,2,0,0,1,1,7.8,6.2,6.4,7.9,6.0
45.73305955,0,33.0,8,6,2,0,0,1,1,3.8,3.4,5.7,8.7,7.5
29.01026694,0,28.0,3,1,6,1,1,1,2,9.4,3.4,4.9,3.3,6.0
11.99178645,0,27.0,10,6,6,2,0,1,0,6.2,6.9,3.3,4.8,6.7
27.36755647,0,26.0,2,7,7,0,1,0,1,6.2,5.5,4.9,5.6,6.7
105.9219713,0,28.0,10,6,7,1,1,1,0,5.4,3.4,7.2,6.3,3.7
3.449691992,0,40.0,10,6,7,1,1,0,1,6.2,5.5,4.9,4.8,7.5
4.533880903,1,23.0,13,9,3,0,1,1,0,1.4,9.8,6.4,3.3,6.0
35.77823409,0,22.0,5,7,2,0,1,0,0,7.0,4.1,5.7,5.6,8.3
40.31211499,0,29.0,14,6,4,0,1,1,2,6.2,3.4,4.1,7.9,7.5
40.31211499,0,29.0,14,6,4,0,1,1,2,6.2,3.4,4.1,7.9,7.5
2.201232033,1,23.0,11,13,4,0,1,1,0,6.2,2.6,7.2,6.3,7.5
40.3449692,0,29.0,14,6,4,0,1,1,2,6.2,3.4,4.1,7.9,7.5
40.37782341,0,29.0,14,6,4,0,1,1,2,6.2,3.4,4.1,7.9,7.5
11.23613963,1,26.0,5,7,2,1,1,1,0,3.8,4.8,6.4,8.7,6.0
85.09240246,0,26.0,15,6,7,2,0,1,0,7.8,4.8,6.4,4.8,6.0
9.823408624,1,26.0,3,4,2,0,1,1,0,4.6,5.5,5.7,8.7,6.0
64.19712526,1,19.0,5,7,7,1,1,1,0,4.6,6.2,7.2,5.6,6.0
14.45585216,0,33.0,10,6,7,1,1,0,0,6.2,4.8,6.4,2.5,4.4
21.15811088,0,24.0,4,3,4,0,0,1,0,6.2,4.8,8.0,4.0,2.9
28.78028747,0,31.0,10,0,7,1,0,1,0,7.0,2.6,7.2,4.8,4.4
155.1704312,0,33.0,7,6,2,1,0,1,1,5.4,3.4,5.7,7.1,5.2
13.86447639,0,22.0,5,6,4,1,1,1,0,7.0,2.6,7.2,6.3,6.0
13.01026694,0,25.0,2,6,2,0,1,1,0,9.4,6.2,3.3,2.5,6.7
2.759753593,0,28.0,1,6,3,1,1,1,0,6.2,5.5,3.3,6.3,8.3
2.825462012,0,32.0,12,6,7,1,0,1,0,7.0,5.5,3.3,7.1,6.7
4.008213552,0,22.0,15,6,7,1,1,1,0,2.2,8.4,4.9,7.1,6.7
10.34907598,0,37.0,4,5,2,1,1,1,0,7.0,7.6,2.6,5.6,8.3
34.03696099,0,27.0,10,6,2,1,0,0,1,7.8,4.8,3.3,5.6,6.7
34.03696099,0,27.0,10,6,2,1,0,0,1,10.0,4.1,1.8,6.3,8.3
11.95893224,0,35.0,12,6,2,0,0,1,2,6.2,4.1,6.4,5.6,6.7
164.5667351,0,27.0,12,9,1,1,0,1,1,3.8,4.8,4.9,6.3,5.2
32.95277207,1,24.0,4,6,2,1,0,1,2,2.2,4.1,6.4,9.4,6.0
5.32238193,0,25.0,2,6,7,0,0,0,0,5.4,3.4,8.0,6.3,2.1
40.3449692,0,23.0,2,7,7,0,1,1,0,5.4,6.2,3.3,4.0,6.0
34.23408624,0,24.0,5,6,2,0,0,1,0,8.6,6.9,4.9,1.7,4.4
96.0,1,31.0,10,7,7,1,1,1,0,4.6,2.6,6.4,10.0,4.4
7.030800821,1,35.0,10,11,7,1,1,1,2,5.4,6.2,4.9,4.0,2.9
26.94045175,0,21.0,11,10,2,1,0,1,0,3.0,5.5,7.2,5.6,2.1
115.5482546,0,19.0,10,6,4,2,0,1,0,7.0,6.2,5.7,2.5,5.2
28.58316222,0,21.0,4,6,2,2,0,1,0,7.0,9.1,1.8,4.8,6.0
26.31622177,0,24.0,3,13,3,1,1,0,0,5.4,4.1,2.6,7.9,6.0
29.27310062,0,35.0,7,6,0,0,0,1,0,5.4,4.8,5.7,4.0,3.7
57.82340862,1,25.0,10,11,7,0,1,1,1,7.0,5.5,4.1,6.3,8.3
133.9137577,1,19.0,14,0,3,1,0,1,1,6.2,3.4,5.7,7.1,6.7
133.9137577,1,19.0,14,0,3,1,0,1,1,4.6,6.9,5.7,7.1,5.2
39.72073922,0,30.40033257,2,6,3,0,0,1,0,6.2,6.2,4.1,2.5,5.2
38.01232033,0,35.0,14,6,7,1,1,1,0,7.8,1.9,3.3,4.0,6.7
27.40041068,0,43.0,11,8,4,1,1,1,1,4.6,5.5,6.4,4.0,5.2
25.42915811,0,22.0,4,6,2,2,1,1,0,6.2,4.8,3.3,7.1,9.0
32.52566735,0,48.0,3,6,4,1,1,1,0,6.2,6.2,6.4,3.3,6.7
23.2936345,0,29.0,5,7,2,2,1,1,1,9.4,6.2,4.1,4.8,7.5
23.2936345,0,29.0,5,7,2,2,1,1,1,7.0,6.2,5.7,4.8,5.2
49.28131417,0,33.0,8,6,2,0,0,1,1,7.8,6.2,6.4,7.9,6.0
49.28131417,0,33.0,8,6,2,0,0,1,1,3.8,3.4,5.7,8.7,7.5
18.1026694,0,44.0,10,6,4,1,1,0,0,3.0,6.9,4.1,7.9,5.2
8.180698152,0,24.0,5,6,2,0,1,1,2,7.0,5.5,4.9,4.8,2.9
42.48049281,0,42.0,4,6,3,1,1,1,0,3.0,6.9,6.4,5.6,6.0
42.48049281,0,42.0,4,6,3,1,1,1,0,7.0,6.2,5.7,4.8,4.4
129.8069815,0,22.0,11,12,5,0,0,0,0,3.0,4.8,5.7,4.8,3.7
8.016427105,1,41.0,5,7,4,1,1,1,0,3.8,4.1,5.7,5.6,4.4
9.100616016,0,26.0,11,6,6,1,1,1,1,5.4,6.2,7.2,4.8,6.7
26.15195072,1,31.0,3,4,7,1,1,1,0,5.4,4.1,8.7,6.3,4.4
66.49691992,0,38.0,3,6,7,1,1,1,0,7.0,4.1,4.9,5.6,6.7
10.02053388,1,38.0,1,6,7,1,0,1,1,7.8,2.6,4.1,7.9,6.7
6.53798768,0,26.0,4,6,7,1,0,0,0,7.0,6.2,4.1,4.8,8.3
0.492813142,0,29.0,10,6,2,0,0,0,0,4.6,5.5,1.8,7.1,6.7
0.492813142,0,29.0,10,6,2,0,0,0,0,4.6,1.0,5.7,8.7,2.9
0.492813142,0,29.0,10,6,2,0,0,0,0,5.4,4.8,8.0,9.4,2.9
2.858316222,0,38.0,3,6,0,1,1,1,1,5.4,5.5,4.9,4.8,4.4
2.858316222,0,38.0,3,6,0,1,1,1,1,6.2,6.2,4.9,3.3,2.9
48.45995893,1,35.0,5,7,3,1,1,1,0,7.0,5.5,2.6,5.6,9.0
15.14579055,0,39.0,13,14,0,1,0,1,0,3.8,7.6,4.9,7.1,9.0
133.8809035,1,19.0,14,0,4,1,0,1,1,6.2,3.4,5.7,7.1,6.7
133.8809035,1,19.0,14,0,4,1,0,1,1,4.6,6.9,5.7,7.1,5.2
32.88706366,0,26.0,5,6,2,0,0,1,0,9.4,6.2,2.6,4.0,6.0
32.88706366,0,26.0,5,6,2,0,0,1,0,6.2,7.6,4.1,3.3,6.7
63.14579055,1,32.0,6,8,3,1,0,1,0,3.0,4.8,4.1,7.1,7.5
8.969199179,0,26.0,11,6,2,2,1,1,1,5.4,6.2,7.2,4.8,6.7
36.59958932,1,33.0,10,6,2,1,0,1,1,4.6,6.2,8.0,7.1,5.2
36.59958932,1,33.0,10,6,2,1,0,1,1,5.4,7.6,5.7,7.1,6.0
11.76180698,0,39.0,15,6,2,1,0,1,0,4.6,4.1,4.9,5.6,3.7
11.76180698,0,39.0,15,6,2,1,0,1,0,6.2,4.8,5.7,4.0,2.9
28.81314168,0,23.0,10,6,2,1,1,1,0,7.0,4.1,8.0,4.8,4.4
18.56262834,0,24.0,14,6,7,1,0,1,0,3.8,7.6,8.0,4.8,2.9
1.80698152,0,26.0,2,11,1,1,0,1,2,5.4,7.6,4.1,4.8,7.5
1.80698152,0,26.0,2,11,1,1,0,1,2,5.4,7.6,4.1,5.6,9.0
17.08418891,0,34.0,2,6,7,1,0,1,0,1.4,6.9,8.0,4.0,5.2
1.938398357,0,26.0,2,11,1,1,0,1,2,5.4,7.6,4.1,4.8,7.5
1.938398357,0,26.0,2,11,1,1,0,1,2,5.4,7.6,4.1,5.6,9.0
50.69404517,1,32.0,11,13,7,1,0,1,1,3.8,3.4,7.2,10.0,5.2
41.65913758,0,29.0,10,6,2,0,0,1,0,6.2,6.9,8.7,3.3,2.9
103.5893224,0,21.0,10,6,2,1,0,0,0,2.2,4.8,8.7,7.9,5.2
103.5893224,0,21.0,10,6,2,1,0,0,0,3.8,3.4,8.7,7.1,3.7
2.135523614,0,26.0,2,11,1,1,0,1,2,5.4,7.6,4.1,4.8,7.5
2.135523614,0,26.0,2,11,1,1,0,1,2,5.4,7.6,4.1,5.6,9.0
2.168377823,0,26.0,2,11,1,1,0,1,2,5.4,7.6,4.1,4.8,7.5
2.168377823,0,26.0,2,11,1,1,0,1,2,5.4,7.6,4.1,5.6,9.0
13.14168378,1,42.0,13,9,2,1,0,0,0,2.2,6.9,3.3,6.3,3.7
2.431211499,0,35.0,12,6,2,1,0,0,0,7.0,3.4,3.3,6.3,7.5
49.34702259,1,42.0,4,3,7,0,1,1,0,5.4,8.4,6.4,5.6,5.2
79.11293634,1,28.0,5,6,7,1,1,1,0,2.2,5.5,7.2,4.8,3.7
35.84394251,0,27.0,8,6,7,1,1,1,2,3.0,2.6,6.4,7.1,7.5
35.84394251,0,27.0,8,6,7,1,1,1,2,3.0,5.5,4.1,7.1,8.3
12.81314168,1,33.0,3,11,0,1,1,0,1,7.8,3.4,7.2,4.0,5.2
2.234086242,0,26.0,2,11,1,1,0,1,2,5.4,7.6,4.1,4.8,7.5
2.234086242,0,26.0,2,11,1,1,0,1,2,5.4,7.6,4.1,5.6,9.0
17.11704312,0,31.0,15,14,3,0,1,1,0,5.4,6.2,6.4,4.0,3.7
17.11704312,0,31.0,15,14,3,0,1,1,0,3.8,3.4,8.0,6.3,6.0
23.95071869,0,32.0,14,6,5,0,0,1,1,4.6,6.9,4.9,5.6,6.0
11.86036961,0,25.0,10,6,7,1,1,1,1,7.8,4.8,5.7,4.8,5.2
5.848049281,0,33.0,14,6,0,1,1,1,0,5.4,9.1,4.1,2.5,6.0
24.0164271,0,28.0,15,6,2,1,1,1,0,3.8,4.8,9.5,4.8,2.1
43.99178645,1,26.0,13,4,3,1,1,1,0,7.8,6.9,4.1,6.3,7.5
20.69815195,0,40.0,3,6,4,0,1,1,1,2.2,8.4,6.4,4.8,6.7
29.8973306,0,26.0,5,6,3,0,1,1,0,4.6,6.9,8.0,4.0,4.4
31.14579055,1,21.0,10,11,4,2,1,1,0,7.8,4.1,2.6,5.6,8.3
1.347022587,0,27.0,10,6,7,0,1,1,0,7.0,4.8,6.4,4.8,7.5
23.9835729,0,29.0,6,6,4,1,1,1,0,4.6,5.5,5.7,4.8,7.5
32.45995893,0,25.0,10,9,7,2,0,1,0,8.6,5.5,3.3,5.6,9.8
64.29568789,1,44.0,10,2,7,1,1,1,0,3.0,2.6,10.0,9.4,4.4
21.35523614,1,31.0,9,9,7,0,0,0,1,7.8,4.1,4.1,7.9,7.5
11.69609856,0,36.0,12,6,7,1,0,1,1,7.0,4.1,6.4,5.6,8.3
54.07802875,0,30.0,11,6,3,2,0,1,2,5.4,4.1,4.9,8.7,7.5
42.0862423,0,31.0,11,6,4,1,0,1,0,1.4,7.6,7.2,4.0,2.9
27.40041068,0,22.0,4,6,7,0,0,1,0,6.2,5.5,2.6,5.6,8.3
1.117043121,0,54.0,7,6,4,1,1,1,1,4.6,8.4,5.7,4.0,4.4
1.117043121,0,54.0,7,6,4,1,1,1,1,4.6,8.4,5.7,4.0,4.4
42.38193018,0,36.0,14,6,7,0,0,1,0,6.2,4.8,5.7,8.7,7.5
5.782340862,0,32.0,10,6,3,1,0,0,1,6.2,6.2,1.8,5.6,9.0
43.30184805,0,33.0,2,6,2,1,0,1,0,7.0,6.2,1.0,9.4,7.5
53.09240246,0,23.0,10,13,5,0,1,1,0,6.2,6.9,4.9,2.5,2.9
17.60985626,0,41.0,2,6,2,1,1,1,0,7.8,5.5,2.6,6.3,8.3
17.60985626,0,41.0,2,6,2,1,1,1,0,8.6,5.5,3.3,6.3,7.5
17.60985626,0,41.0,2,6,2,1,1,1,0,7.0,6.9,4.1,5.6,7.5
26.0862423,0,30.0,2,6,7,1,0,1,0,8.6,6.9,2.6,4.0,7.5
16.65708419,0,26.0,14,6,2,1,1,1,0,8.6,5.5,4.1,4.0,3.7
70.83367556,0,23.0,2,6,4,2,0,1,1,6.2,9.1,4.1,3.3,6.7
70.83367556,0,23.0,2,6,4,2,0,1,1,7.0,7.6,3.3,3.3,6.7
99.77823409,0,42.0,13,6,7,1,0,1,2,5.4,4.8,6.4,6.3,4.4
42.94045175,0,25.0,11,14,3,1,1,1,0,4.6,6.2,6.4,4.0,4.4
19.58110883,0,23.0,12,6,2,1,0,1,0,3.8,4.8,7.2,5.6,4.4
96.0,0,22.0,13,11,5,0,1,1,2,7.0,1.9,6.4,6.3,4.4
44.22176591,0,29.0,10,6,2,0,0,1,0,6.2,6.9,8.7,3.3,2.9
104.0164271,0,37.0,10,6,3,1,1,1,0,5.4,4.8,6.4,7.1,4.4
67.84394251,1,24.0,3,6,3,2,1,1,1,5.4,5.5,5.7,8.7,5.2
0.919917864,1,26.0,13,6,7,2,0,1,0,6.2,5.5,6.4,4.0,3.7
48.45995893,0,34.0,14,14,0,1,0,1,1,7.0,2.6,7.2,4.8,5.2
15.73716632,0,27.0,1,9,2,2,1,1,0,7.0,6.9,2.6,4.0,5.2
16.06570842,0,28.0,10,6,7,0,0,0,0,4.6,5.5,1.8,7.1,6.7
16.06570842,0,28.0,10,6,7,0,0,0,0,4.6,1.0,5.7,8.7,2.9
16.06570842,0,28.0,10,6,7,0,0,0,0,5.4,4.8,8.0,9.4,2.9
37.38809035,0,20.0,13,6,0,1,0,1,0,7.8,7.6,4.1,4.0,5.2
44.02464066,1,26.0,11,7,2,0,1,1,0,4.6,3.4,6.4,7.1,6.0
12.78028747,0,27.0,5,6,7,0,1,1,0,6.2,6.2,4.9,5.6,6.0
106.8418891,0,22.0,12,6,6,1,0,1,1,7.0,3.4,4.1,6.3,8.3
50.20123203,0,31.0,14,6,0,0,1,1,1,8.6,4.8,4.1,2.5,4.4
6.143737166,0,31.0,14,6,7,0,1,0,1,5.4,5.5,6.4,6.3,6.7
45.8973306,0,31.0,13,6,2,1,1,1,1,5.4,8.4,2.6,5.6,7.5
80.65708419,0,37.0,3,6,3,1,1,1,1,2.2,7.6,8.0,4.0,2.1
49.31416838,1,42.0,5,3,7,0,1,1,0,5.4,8.4,6.4,5.6,5.2
20.04106776,0,22.0,10,6,2,1,0,1,0,5.4,4.8,4.9,7.1,6.7
20.04106776,0,22.0,10,6,2,1,0,1,0,4.6,1.9,8.0,6.3,6.0
4.435318275,1,40.0,1,11,2,1,1,1,0,4.6,4.1,7.2,10.0,5.2
24.21355236,0,23.0,15,6,2,2,1,1,0,5.4,5.5,8.0,2.5,4.4
3.58110883,0,34.0,10,1,4,1,0,1,0,3.0,7.6,4.9,5.6,5.2
83.58110883,1,33.0,11,11,4,1,1,1,1,7.0,6.2,4.1,6.3,9.0
18.49691992,0,46.0,3,6,3,1,1,1,1,3.8,5.5,4.9,5.6,5.2
73.13347023,0,22.0,10,6,2,2,0,1,0,3.8,6.2,5.7,7.9,9.0
76.68172485,0,25.0,6,5,4,1,0,1,1,6.2,6.2,6.4,5.6,3.7
82.82546201,0,23.0,2,6,4,2,0,1,1,6.2,9.1,4.1,3.3,6.7
82.82546201,0,23.0,2,6,4,2,0,1,1,7.0,7.6,3.3,3.3,6.7
28.84599589,1,31.0,10,11,2,0,1,0,0,6.2,6.9,6.4,3.3,6.7
5.289527721,0,25.0,11,6,7,1,0,1,0,9.4,4.8,3.3,7.1,9.0
149.6180698,0,30.0,9,1,6,0,1,1,1,5.4,6.9,2.6,5.6,8.3
109.2402464,0,22.0,11,6,1,0,0,1,2,5.4,5.5,7.2,4.0,2.9
35.74537988,0,35.0,10,6,2,1,1,1,0,5.4,7.6,4.9,4.0,6.0
50.98973306,0,24.0,4,6,2,0,0,1,0,7.8,5.5,3.3,7.9,8.3
109.1088296,0,29.0,10,6,1,1,1,1,1,4.6,3.4,9.5,4.8,2.1
10.51334702,1,36.0,14,4,3,0,1,1,0,7.8,2.6,4.1,8.7,6.7
129.2813142,1,33.0,14,4,5,0,1,1,0,5.4,8.4,4.1,4.8,6.7
34.59548255,0,34.0,10,6,2,1,0,1,1,8.6,5.5,4.1,5.6,6.7
34.59548255,0,34.0,10,6,2,1,0,1,1,8.6,3.4,4.1,7.1,6.0
34.59548255,0,34.0,10,6,2,1,0,1,1,7.8,4.1,4.1,7.1,6.7
51.1211499,0,28.0,10,6,7,1,0,1,1,5.4,5.5,6.4,2.5,4.4
15.11293634,0,45.0,11,6,4,1,0,1,0,6.2,6.2,3.3,6.3,8.3
15.11293634,0,45.0,11,6,4,1,0,1,0,4.6,4.8,4.1,7.9,9.0
9.790554415,0,41.0,10,6,2,1,1,1,0,3.0,6.9,6.4,4.8,6.0
9.790554415,0,41.0,10,6,2,1,1,1,0,2.2,6.9,8.0,6.3,3.7
9.790554415,0,41.0,10,6,2,1,1,1,0,3.0,6.9,7.2,4.8,5.2
3.121149897,0,41.0,4,6,7,1,0,1,0,1.4,4.8,8.7,5.6,2.1
3.121149897,0,41.0,4,6,7,1,0,1,0,3.0,8.4,8.0,3.3,2.1
38.17659138,1,33.0,10,6,2,0,0,1,0,2.2,7.6,6.4,4.8,7.5
30.02874743,0,22.0,2,6,7,2,0,1,0,6.2,4.8,4.9,4.8,6.7
5.092402464,0,29.0,10,6,2,0,0,0,0,4.6,5.5,1.8,7.1,6.7
5.092402464,0,29.0,10,6,2,0,0,0,0,4.6,1.0,5.7,8.7,2.9
5.092402464,0,29.0,10,6,2,0,0,0,0,5.4,4.8,8.0,9.4,2.9
34.0698152,0,34.0,14,9,6,1,1,0,1,9.4,3.4,4.9,3.3,6.0
40.60780287,1,33.0,10,6,2,1,0,1,1,4.6,6.2,8.0,7.1,5.2
40.60780287,1,33.0,10,6,2,1,0,1,1,5.4,7.6,5.7,7.1,6.0
10.51334702,0,28.0,1,6,3,1,0,1,0,6.2,5.5,3.3,6.3,8.3
33.93839836,0,27.0,10,6,3,0,0,1,0,5.4,3.4,3.3,8.7,8.3
33.93839836,0,27.0,10,6,3,0,0,1,0,6.2,6.2,7.2,3.3,3.7
10.7761807,0,35.0,15,2,2,1,0,1,1,7.8,5.5,1.8,5.6,8.3
59.86036961,0,27.0,10,6,7,0,1,1,0,6.2,6.9,4.1,5.6,6.0
24.83778234,0,42.0,15,6,7,1,1,1,0,5.4,4.8,4.1,4.8,6.0
33.87268994,0,22.0,10,14,7,1,0,1,0,6.2,9.1,4.9,3.3,2.9
53.58521561,0,40.0,9,6,7,1,0,1,2,3.8,8.4,8.0,4.0,4.4
53.58521561,0,40.0,9,6,7,1,0,1,2,4.6,9.1,4.9,3.3,2.9
1.971252567,1,31.0,2,7,5,1,1,0,1,6.2,4.1,2.6,8.7,8.3
0.788501027,0,43.0,13,6,7,1,1,1,0,3.0,6.2,8.0,7.1,4.4
57.62628337,0,23.0,13,11,2,0,0,1,0,5.4,6.2,9.5,5.6,5.2
23.45790554,0,29.0,10,6,7,0,1,1,0,7.8,5.5,5.7,4.0,5.2
23.45790554,0,29.0,10,6,7,0,1,1,0,6.2,6.2,5.7,6.3,2.9
23.45790554,0,29.0,10,6,7,0,1,1,0,7.0,6.2,5.7,4.0,3.7
46.9486653,0,22.0,11,6,4,0,0,1,1,4.6,9.1,6.4,5.6,6.0
15.40862423,0,44.0,11,6,4,0,0,0,1,3.8,6.2,5.7,5.6,6.7
39.2936345,1,21.0,5,7,3,0,1,1,2,3.8,5.5,5.7,7.9,3.7
47.6386037,1,40.0,5,11,4,1,1,1,1,1.4,6.9,9.5,6.3,1.3
3.811088296,0,32.0,13,9,7,1,1,1,0,3.8,6.2,6.4,4.0,6.0
66.7926078,1,31.0,2,13,3,1,1,1,0,4.6,7.6,4.1,4.0,6.0
13.8973306,0,23.0,13,6,3,0,0,1,0,4.6,8.4,6.4,2.5,2.1
108.550308,1,27.0,3,6,6,1,1,1,1,3.8,6.2,8.0,5.6,6.0
86.66940452,0,25.0,14,6,7,0,0,1,0,4.6,7.6,9.5,2.5,1.3
86.66940452,0,25.0,14,6,7,0,0,1,0,5.4,5.5,7.2,5.6,2.9
18.33264887,1,39.0,2,5,4,0,1,1,0,3.8,7.6,6.4,4.8,5.2
133.4209446,0,29.0,10,11,4,1,1,1,1,5.4,6.9,2.6,7.9,6.7
8.180698152,0,24.0,4,6,7,1,0,1,0,6.2,3.4,7.2,2.5,3.7
8.180698152,0,24.0,4,6,7,1,0,1,0,6.2,5.5,7.2,7.1,4.4
13.33880903,0,33.0,14,6,7,2,1,1,1,9.4,5.5,1.8,4.8,6.7
55.78644764,0,27.0,10,11,3,2,1,1,0,4.6,6.9,7.2,2.5,6.7
12.97741273,0,29.0,4,6,1,0,0,1,2,3.8,4.8,6.4,7.9,6.7
32.32854209,0,29.0,14,6,3,1,0,1,0,3.8,4.8,6.4,7.9,6.7
163.8110883,1,19.0,14,6,6,1,1,1,1,4.6,5.5,6.4,7.9,6.0
31.96714579,1,29.0,4,6,2,0,1,1,0,4.6,3.4,10.0,6.3,1.0
4.862422998,0,27.0,14,6,7,1,1,1,1,5.4,4.1,5.7,7.1,3.7
13.73305955,0,29.0,14,6,4,1,0,1,0,6.2,3.4,4.9,7.9,7.5
51.94250513,1,33.0,8,13,4,1,0,1,1,6.2,4.8,4.9,5.6,5.2
22.57084189,0,30.0,9,6,4,1,1,0,0,7.8,3.4,4.9,5.6,5.2
19.44969199,0,31.0,13,6,2,0,0,1,0,7.0,2.6,4.1,8.7,5.2
73.98767967,1,33.0,12,7,3,2,1,1,1,7.0,6.2,3.3,6.3,7.5
8.739219713,1,34.0,14,6,7,0,0,1,0,9.4,7.6,1.0,4.0,5.2
48.45995893,0,34.0,6,14,0,1,0,1,0,7.0,2.6,7.2,4.8,5.2
14.85010267,1,29.0,8,6,4,1,0,1,0,3.8,3.4,8.0,6.3,6.0
63.54004107,0,31.0,3,9,4,1,1,1,1,3.8,5.5,3.3,9.4,9.0
49.31416838,1,42.0,4,3,7,0,1,1,0,5.4,8.4,6.4,5.6,5.2
13.27310062,0,34.0,6,6,2,1,1,1,1,6.2,4.8,4.1,5.6,6.7
17.83983573,0,39.0,10,6,4,2,1,1,1,6.2,7.6,4.1,2.5,4.4
114.1355236,0,38.0,6,5,6,1,1,1,0,3.8,3.4,9.5,7.1,2.9
8.147843943,0,42.0,2,6,4,1,0,1,0,3.8,8.4,2.6,4.8,7.5
8.082135524,0,33.0,14,6,6,0,1,0,1,7.8,6.9,2.6,4.8,8.3
26.94045175,0,44.0,15,6,6,1,1,1,1,3.8,6.2,4.9,6.3,10.0
1.478439425,1,28.0,15,2,6,1,1,1,0,6.2,3.4,6.4,8.7,6.0
94.81724846,0,30.40033257,10,6,1,1,0,0,0,6.2,4.1,4.1,6.3,7.5
12.78028747,0,24.0,13,6,2,0,0,1,0,8.6,4.8,4.1,6.3,5.2
19.87679671,0,29.0,14,6,2,1,1,1,1,6.2,6.2,4.9,4.8,7.5
34.82546201,1,27.0,13,11,7,2,1,0,0,10.0,2.6,4.1,5.6,9.0
96.72279261,1,30.0,10,11,0,1,1,1,1,6.2,7.6,4.9,4.8,8.3
12.12320329,0,39.0,0,6,7,1,1,1,2,3.8,6.9,5.7,5.6,3.7
10.64476386,0,26.0,12,7,7,0,1,0,0,7.0,4.1,2.6,8.7,9.0
4.402464066,1,40.0,11,3,0,1,1,0,2,7.0,6.2,4.1,6.3,9.0
2.36550308,0,28.0,3,6,2,0,1,1,0,7.0,6.9,2.6,4.0,5.2
17.51129363,0,39.0,15,6,7,1,0,1,0,4.6,4.1,4.9,5.6,3.7
17.51129363,0,39.0,15,6,7,1,0,1,0,6.2,4.8,5.7,4.0,2.9
18.16837782,0,24.0,10,6,3,0,0,1,0,5.4,4.8,4.9,7.1,6.7
18.16837782,0,24.0,10,6,3,0,0,1,0,4.6,1.9,8.0,6.3,6.0
10.38193018,0,34.0,13,13,2,0,0,1,1,6.2,1.0,7.2,4.8,6.0
7.852156057,0,23.0,15,6,7,0,0,1,0,4.6,7.6,8.0,5.6,2.1
84.04106776,1,28.0,5,6,7,1,1,1,0,2.2,5.5,7.2,4.8,3.7
8.213552361,0,30.0,15,6,7,1,1,1,0,6.2,6.2,6.4,3.3,4.4
9.593429158,0,34.0,11,12,6,1,0,1,0,7.8,7.6,3.3,2.5,7.5
43.92607803,0,32.0,15,6,4,0,1,1,0,6.2,4.8,2.6,5.6,9.8
82.75975359,0,20.0,12,6,5,2,0,1,2,3.8,6.9,5.7,6.3,6.7
27.92607803,0,25.0,4,6,2,1,0,1,0,7.0,4.1,5.7,5.6,8.3
3.811088296,0,23.0,13,6,4,2,1,1,0,7.0,4.8,7.2,4.8,4.4
48.09856263,0,25.0,11,3,4,2,0,1,0,7.0,4.1,5.7,6.3,7.5
8.640657084,0,25.0,10,7,2,1,0,0,0,7.0,2.6,6.4,7.9,5.2
30.68583162,0,37.0,5,6,2,0,0,1,0,5.4,6.9,5.7,5.6,6.7
26.34907598,1,36.0,15,13,2,1,1,0,0,3.8,8.4,5.7,6.3,6.0
18.13552361,0,23.0,8,6,4,1,1,1,0,7.0,5.5,4.1,4.8,6.0
7.227926078,0,26.0,11,6,7,1,1,1,0,7.8,6.2,3.3,7.1,6.7
23.2936345,0,32.0,4,6,3,1,0,1,1,6.2,6.2,7.2,3.3,2.9
100.238193,0,23.0,10,6,4,1,1,1,1,5.4,5.5,5.7,4.8,9.8
36.00821355,0,45.0,15,6,5,1,0,1,1,4.6,4.8,4.9,8.7,5.2
19.18685832,0,25.0,4,6,2,0,0,0,0,7.0,4.8,5.7,4.8,5.2
43.95893224,0,38.0,10,6,3,1,1,1,0,7.8,7.6,2.6,5.6,7.5
90.15195072,0,20.0,12,6,6,0,0,1,0,9.4,6.9,2.6,3.3,7.5
22.24229979,0,34.0,10,6,2,1,1,1,1,7.8,4.1,2.6,4.8,4.4
33.57700205,0,24.0,5,6,2,1,1,1,0,6.2,6.2,4.9,3.3,4.4
5.94661191,0,38.0,10,1,7,1,1,1,1,7.0,4.8,4.1,7.1,9.0
19.74537988,0,33.0,7,6,4,1,1,1,0,5.4,6.9,4.1,4.8,6.0
26.02053388,1,25.0,10,7,6,1,1,1,1,2.2,7.6,5.7,7.9,6.0
25.36344969,0,32.0,14,6,0,1,1,1,1,6.2,6.9,5.7,4.8,8.3
41.69199179,0,36.0,14,11,0,1,1,0,1,8.6,4.8,1.8,7.1,8.3
23.55646817,0,32.0,13,6,7,0,0,1,0,5.4,6.9,7.2,7.9,6.7
80.49281314,0,25.0,4,6,7,0,0,1,0,6.2,6.2,5.7,3.3,6.7
22.01232033,1,37.0,14,13,7,1,1,1,0,3.0,8.4,5.7,5.6,6.7
42.38193018,0,26.0,4,1,2,0,1,1,0,9.4,6.9,3.3,3.3,6.0
33.41273101,1,32.0,10,6,7,1,1,1,0,4.6,2.6,6.4,8.7,6.0
64.52566735,0,25.0,13,6,0,0,1,1,2,7.8,4.1,6.4,4.0,3.7
3.482546201,0,37.0,5,6,2,2,0,1,0,6.2,6.9,5.7,6.3,5.2
88.83778234,0,25.0,15,6,6,0,0,1,1,4.6,6.9,4.9,4.0,6.0
110.4887064,0,25.0,7,6,3,0,0,1,0,10.0,1.9,2.6,7.1,9.8
14.06160164,0,56.0,10,6,2,1,1,1,0,4.6,6.2,4.9,5.6,6.7
11.99178645,1,24.0,11,12,4,1,0,1,0,6.2,4.1,5.7,5.6,3.7
101.5195072,0,32.0,5,6,4,1,0,1,0,4.6,7.6,4.1,4.8,6.0
179.449692,0,24.0,10,6,0,1,0,1,0,7.0,4.8,2.6,5.6,8.3
12.38603696,0,24.0,7,6,7,2,0,1,0,5.4,6.9,5.7,5.6,4.4
24.90349076,0,24.0,14,6,7,1,1,1,0,3.8,7.6,8.0,4.8,2.9
61.99589322,1,31.0,2,6,7,1,0,1,1,5.4,4.8,8.7,5.6,4.4
24.47638604,0,27.0,3,6,2,1,1,1,0,8.6,5.5,4.9,3.3,3.7
63.70431211,0,37.0,14,6,0,1,1,1,2,6.2,6.9,3.3,7.1,6.7
5.388090349,0,38.0,10,6,4,1,1,1,1,1.4,4.1,7.2,6.3,7.5
64.75564682,0,35.0,4,6,3,0,0,1,2,7.0,6.2,7.2,2.5,5.2
64.75564682,0,35.0,4,6,3,0,0,1,2,8.6,6.9,5.7,3.3,4.4
2.694045175,1,29.0,8,6,3,1,0,1,0,7.0,5.5,8.0,5.6,8.3
2.39835729,1,25.0,10,9,7,1,0,1,1,6.2,2.6,5.7,5.6,6.7
26.87474333,0,26.0,4,6,7,0,0,1,0,8.6,4.1,4.9,5.6,5.2
144.7556468,0,27.0,14,6,6,1,0,1,1,5.4,9.1,3.3,4.8,6.0
45.30595483,0,34.0,10,6,7,1,0,1,0,7.0,1.9,9.5,5.6,6.0
45.30595483,0,34.0,10,6,7,1,0,1,0,6.2,2.6,8.7,6.3,6.0
45.30595483,0,34.0,10,6,7,1,0,1,0,5.4,2.6,10.0,3.3,3.7
45.30595483,0,34.0,10,6,7,1,0,1,0,4.6,5.5,10.0,2.5,5.2
6.078028747,0,35.0,0,6,7,1,0,1,0,5.4,5.5,7.2,5.6,2.9
22.63655031,0,36.0,8,0,2,1,0,1,0,7.8,1.9,4.1,7.1,9.0
96.59137577,0,46.0,13,9,3,1,1,1,0,4.6,8.4,4.9,7.9,6.0
10.90759754,0,32.0,3,6,4,0,1,1,1,7.8,5.5,4.9,6.3,9.0
16.95277207,0,38.0,10,6,7,1,0,1,2,7.0,1.9,9.5,5.6,6.0
16.95277207,0,38.0,10,6,7,1,0,1,2,6.2,2.6,8.7,6.3,6.0
16.95277207,0,38.0,10,6,7,1,0,1,2,5.4,2.6,10.0,3.3,3.7
16.95277207,0,38.0,10,6,7,1,0,1,2,4.6,5.5,10.0,2.5,5.2
61.2073922,0,25.0,13,6,7,1,0,1,0,6.2,6.2,3.3,6.3,6.7
9.264887064,0,23.0,10,6,7,1,0,1,0,7.0,5.5,3.3,4.8,6.7
81.64271047,0,31.0,10,6,7,2,0,1,0,4.6,5.5,7.2,3.3,2.9
81.64271047,0,31.0,10,6,7,2,0,1,0,4.6,5.5,7.2,4.8,3.7
55.95071869,0,40.0,13,6,7,1,0,1,2,3.8,8.4,8.0,4.0,4.4
55.95071869,0,40.0,13,6,7,1,0,1,2,4.6,9.1,4.9,3.3,2.9
49.7412731,1,40.0,5,11,3,1,1,1,1,1.4,6.9,9.5,6.3,1.3
57.10061602,1,26.0,3,6,3,0,1,1,1,4.6,6.9,4.9,5.6,6.7
163.7782341,1,23.0,10,6,2,1,0,1,1,4.6,6.2,8.0,7.1,5.2
163.7782341,1,23.0,10,6,2,1,0,1,1,5.4,7.6,5.7,7.1,6.0
54.01232033,1,37.0,5,7,4,1,1,1,0,7.8,4.8,2.6,5.6,9.8
23.75359343,0,34.0,2,6,7,1,0,1,0,3.8,6.9,7.2,5.6,5.2
1.412731006,0,29.0,2,6,7,0,0,1,0,4.6,4.1,6.4,4.8,4.4
59.89322382,0,27.0,10,6,7,0,1,1,1,6.2,6.9,4.1,5.6,6.0
27.4661191,0,31.0,4,9,4,1,1,1,2,5.4,5.5,3.3,7.9,8.3
89.19917864,1,18.0,10,11,6,0,1,1,0,7.8,5.5,2.6,7.1,7.5
47.21149897,0,31.0,0,6,4,1,0,1,1,7.0,4.8,6.4,4.0,6.7
21.48665298,0,27.0,10,6,2,0,1,1,0,5.4,7.6,6.4,4.0,4.4
8.344969199,0,35.0,13,6,4,1,0,1,0,5.4,6.9,7.2,7.9,6.7
48.19712526,0,39.0,14,6,4,0,0,1,0,3.0,7.6,9.5,3.3,4.4
48.19712526,0,39.0,14,6,4,0,0,1,0,3.0,7.6,8.0,4.0,1.3
42.18480493,0,27.0,8,6,7,1,1,1,0,3.0,2.6,6.4,7.1,7.5
42.18480493,0,27.0,8,6,7,1,1,1,0,3.0,5.5,4.1,7.1,8.3
39.22792608,0,37.0,10,6,3,1,0,1,1,6.2,6.9,4.1,6.3,8.3
39.22792608,0,37.0,10,6,3,1,0,1,1,3.8,9.1,4.9,5.6,7.5
39.22792608,0,37.0,10,6,3,1,0,1,1,6.2,6.9,4.1,6.3,8.3
39.22792608,0,37.0,10,6,3,1,0,1,1,3.8,9.1,4.9,5.6,7.5
43.69609856,0,36.0,5,6,7,0,0,1,0,5.4,6.9,5.7,5.6,6.7
14.22587269,0,31.0,5,6,3,0,0,1,0,6.2,6.2,5.7,3.3,6.7
33.90554415,0,23.0,10,6,2,0,0,1,0,6.2,4.1,8.0,4.0,4.4
70.34086242,0,31.0,14,6,3,0,0,1,0,1.4,7.6,8.0,5.6,1.0
39.88501027,1,22.0,13,6,7,1,0,1,0,8.6,2.6,6.4,6.3,6.7
144.5913758,1,30.0,10,5,3,1,0,1,0,8.6,2.6,4.9,7.1,7.5
15.17864476,0,45.0,10,6,3,1,0,1,2,3.8,6.9,8.0,6.3,5.2
57.65913758,0,33.0,8,6,2,0,0,1,1,7.8,6.2,6.4,7.9,6.0
57.65913758,0,33.0,8,6,2,0,0,1,1,3.8,3.4,5.7,8.7,7.5
47.96714579,0,33.0,2,6,2,1,0,1,0,7.0,6.2,1.0,9.4,7.5
42.25051335,0,18.0,2,6,4,0,0,1,0,6.2,6.2,4.1,2.5,5.2
12.68172485,0,36.0,8,6,7,0,1,1,0,6.2,5.5,5.7,5.6,6.7
15.93429158,0,41.0,10,6,7,1,1,0,0,7.8,7.6,4.1,1.7,5.2
29.47022587,0,29.0,2,6,3,1,0,1,0,6.2,5.5,4.9,5.6,9.8
1.18275154,0,50.0,7,1,7,1,1,0,1,4.6,6.2,8.0,4.8,5.2
56.73921971,0,34.0,0,6,7,1,0,1,1,6.2,4.1,7.2,4.8,1.0
116.7310062,1,38.0,10,2,0,2,1,1,1,7.8,9.1,2.6,4.0,9.0
39.68788501,0,25.0,5,6,7,1,1,1,0,6.2,6.9,2.6,5.6,7.5
49.87268994,0,30.40033257,11,5,6,1,1,0,0,10.0,5.5,4.1,4.0,7.5
12.22176591,1,27.0,10,11,7,0,1,1,1,3.8,3.4,2.6,10.0,9.0
19.28542094,0,38.0,10,2,2,1,1,1,1,7.0,6.9,4.1,4.0,6.7
43.86036961,0,29.0,10,6,7,1,0,1,1,8.6,6.2,4.9,4.8,9.0
131.613963,0,26.0,12,7,7,0,1,1,1,3.0,6.9,4.9,6.3,6.0
13.9301848,0,27.0,14,6,2,1,0,1,0,7.0,4.8,6.4,4.8,4.4
18.92402464,1,43.0,4,7,6,1,1,1,2,6.2,4.1,5.7,7.1,8.3
81.83983573,1,34.0,10,2,0,1,1,1,1,3.8,3.4,7.2,8.7,7.5
16.75564682,0,31.0,13,6,4,1,0,0,0,8.6,4.8,2.6,7.9,6.7
20.69815195,0,27.0,14,6,3,1,1,1,0,7.8,4.8,1.8,6.3,6.0
51.31827515,0,28.0,14,6,7,0,0,1,1,7.0,4.8,5.7,2.5,4.4
6.242299795,0,21.0,4,6,3,2,0,0,0,7.0,6.2,4.1,4.8,6.7
7.030800821,0,39.0,11,6,3,1,0,1,1,7.0,4.1,2.6,7.9,7.5
7.030800821,0,39.0,11,6,3,1,0,1,1,7.8,6.2,2.6,5.6,6.7
2.266940452,0,39.0,11,12,4,1,1,0,0,2.2,6.9,8.7,6.3,5.2
26.54620123,0,27.0,10,11,6,0,1,1,0,8.6,7.6,1.0,5.6,10.0
79.01437372,1,29.0,10,7,6,2,1,1,1,1.4,4.1,10.0,4.8,1.3
0.525667351,0,49.0,12,6,3,1,1,1,1,5.4,2.6,4.1,6.3,6.7
140.2217659,1,27.0,10,1,6,1,1,1,1,3.8,6.2,4.1,7.9,5.2
26.57905544,0,28.0,2,6,7,1,0,1,2,3.8,9.1,6.4,4.8,6.7
25.52772074,0,27.0,4,11,4,0,1,0,0,7.0,4.8,4.9,5.6,6.7
5.125256674,1,23.0,4,6,2,0,1,1,0,4.6,6.2,4.9,6.3,8.3
40.11498973,1,41.0,5,7,3,1,1,1,1,1.4,6.9,9.5,6.3,1.3
32.32854209,1,49.0,8,7,3,1,1,0,1,3.0,3.4,8.7,5.6,3.7
1.708418891,1,30.0,5,7,3,0,1,1,0,6.2,4.8,7.2,4.8,3.7
50.29979466,0,21.0,2,6,7,0,0,0,0,4.6,6.9,7.2,7.1,1.3
70.50513347,0,24.0,14,6,6,1,0,1,0,7.8,5.5,7.2,5.6,3.7
14.58726899,0,34.0,10,6,7,0,1,1,1,3.8,4.8,6.4,7.9,6.7
37.15811088,1,38.0,10,6,4,1,0,1,0,7.0,3.4,5.7,8.7,5.2
27.33470226,0,32.0,13,11,2,1,1,1,0,7.8,5.5,2.6,4.0,7.5
32.85420945,0,58.0,10,0,7,1,1,1,0,5.4,4.8,6.4,4.8,6.0
5.453798768,1,29.0,8,6,3,1,0,1,0,7.0,5.5,8.0,5.6,8.3
79.54004107,1,23.0,5,7,7,0,1,1,1,4.6,5.5,8.7,4.8,4.4
12.64887064,0,36.0,5,6,5,2,1,1,0,4.6,6.9,4.9,5.6,6.0
20.30390144,0,45.0,11,6,4,1,0,0,0,6.2,6.2,3.3,6.3,8.3
20.30390144,0,45.0,11,6,4,1,0,0,0,4.6,4.8,4.1,7.9,9.0
10.48049281,0,28.0,4,6,7,0,1,1,0,7.0,4.1,3.3,4.8,6.7
11.03901437,0,37.0,6,6,4,1,1,1,0,4.6,4.8,8.0,5.6,8.3
128.1314168,0,32.0,3,6,0,1,1,1,0,7.8,6.9,4.1,3.3,7.5
5.585215606,1,37.0,5,7,4,0,1,1,0,6.2,6.9,4.1,4.0,8.3
61.07597536,1,29.0,5,7,4,1,1,1,0,1.0,5.5,10.0,7.1,2.9
110.0287474,0,25.0,10,6,7,0,1,1,1,6.2,3.4,6.4,6.3,7.5
52.27104723,1,27.0,10,7,0,1,1,1,0,3.8,6.2,4.1,9.4,6.7
5.650924025,0,42.0,5,7,0,1,1,1,2,1.4,7.6,8.7,4.8,5.2
22.66940452,1,32.0,5,7,2,1,1,1,1,1.4,7.6,9.5,6.3,5.2
6.275154004,1,28.0,2,7,4,2,1,1,0,2.2,7.6,5.7,5.6,2.9
10.61190965,1,40.0,11,5,4,1,0,1,1,4.6,7.6,5.7,6.3,7.5
23.81930185,1,22.0,3,3,3,2,1,1,0,7.0,4.8,2.6,7.1,6.7
50.89117043,1,34.0,5,7,6,1,0,1,1,3.8,3.4,5.7,7.9,6.7
38.53798768,1,40.0,5,7,2,1,1,1,1,3.8,6.2,8.7,6.3,4.4
16.62422998,1,24.0,5,7,2,2,1,1,0,5.4,4.8,6.4,5.6,3.7
28.02464066,1,34.0,5,7,6,1,1,1,2,6.2,1.2,7.2,6.3,9.0
31.50718686,1,29.0,5,7,7,1,1,1,0,3.8,2.6,6.4,7.9,8.3
5.158110883,1,40.0,4,7,3,1,1,1,2,3.8,4.1,7.2,8.7,6.7
4.928131417,0,23.0,5,6,4,2,1,1,0,5.4,4.8,5.7,7.1,6.7
12.68172485,0,36.0,8,6,7,0,1,1,0,6.2,5.5,5.7,5.6,6.7
40.87063655,1,35.0,5,7,6,2,1,1,1,6.2,7.6,4.1,6.3,6.7
36.59958932,1,24.0,5,7,2,2,1,1,1,5.4,1.9,6.4,9.4,6.0
103.7207392,0,34.0,10,0,4,1,0,1,1,4.6,3.4,8.0,5.6,5.2
9.199178645,1,44.0,5,4,2,1,1,1,0,7.0,7.6,6.4,6.3,6.0
16.78850103,0,29.0,2,6,3,0,0,1,0,3.8,7.6,8.0,6.3,4.4
34.29979466,1,34.0,14,6,6,0,0,1,0,7.8,4.8,7.2,6.3,7.5
16.85420945,1,28.0,5,7,2,0,1,1,0,4.6,4.8,5.7,6.3,4.4
16.62422998,0,23.0,10,6,7,1,0,1,0,3.0,4.8,6.4,5.6,3.7
42.61190965,0,37.0,15,6,7,1,1,1,0,4.6,6.2,8.0,4.8,6.0
16.65708419,1,29.0,6,6,2,1,0,1,2,2.2,7.6,6.4,9.4,6.0
16.65708419,1,29.0,6,6,2,1,0,1,2,2.2,5.5,7.2,7.1,6.7
82.7926078,1,23.0,10,11,2,0,1,1,0,6.2,2.6,8.7,4.8,5.2
1.839835729,0,32.0,10,6,7,1,0,1,0,4.6,4.1,6.4,5.6,6.0
73.42915811,0,29.0,10,2,3,0,1,1,2,4.6,4.8,7.2,6.3,2.9
0.394250513,1,36.0,5,7,2,1,1,1,2,3.8,7.6,2.6,7.9,4.4
123.6960986,0,32.0,14,6,3,1,1,0,1,3.8,9.1,4.9,4.8,6.0
12.97741273,0,26.0,4,6,2,0,1,0,0,7.8,6.9,4.1,4.0,4.4
7.819301848,0,30.0,10,6,6,1,1,1,1,5.4,3.4,3.3,8.7,8.3
7.819301848,0,30.0,10,6,6,1,1,1,1,6.2,6.2,7.2,3.3,3.7
155.3675565,0,30.0,9,11,6,0,1,1,2,5.4,6.9,2.6,5.6,8.3
15.70431211,0,24.0,6,6,1,2,0,1,0,5.4,4.1,6.4,6.3,2.1
19.31827515,1,28.0,5,7,6,1,1,1,0,4.6,4.8,7.2,6.3,5.2
20.99383984,0,26.0,4,6,2,1,1,1,0,10.0,4.1,1.0,7.1,7.5
2.792607803,0,41.0,14,6,3,1,0,1,0,7.0,4.8,3.3,5.6,7.5
37.12525667,0,38.0,14,6,0,0,1,1,1,3.0,3.4,7.2,5.6,5.2
18.16837782,0,24.0,4,6,7,1,0,1,0,5.4,6.9,7.2,2.5,4.4
11.66324435,0,37.0,12,6,7,1,0,1,2,7.0,4.1,6.4,5.6,8.3
5.092402464,0,47.0,14,6,5,1,0,1,1,5.4,7.6,4.9,4.8,6.7
22.70225873,0,26.0,10,6,4,0,0,1,1,5.4,5.5,4.9,7.9,6.7
3.778234086,0,46.0,14,6,3,1,0,1,0,3.0,4.1,6.4,5.6,5.2
3.449691992,0,30.0,5,6,2,1,1,1,0,6.2,7.6,3.3,6.3,7.5
11.03901437,0,37.0,10,6,4,1,1,1,1,7.0,6.2,3.3,5.6,9.0
9.034907598,0,30.0,5,6,6,0,1,1,0,5.4,3.4,3.3,8.7,8.3
9.034907598,0,30.0,5,6,6,0,1,1,0,6.2,6.2,7.2,3.3,3.7
24.83778234,0,34.0,5,6,3,1,1,1,0,5.4,4.1,3.3,7.9,7.5
5.519507187,0,23.0,10,6,7,0,0,1,0,4.6,6.9,5.7,4.8,9.0
32.26283368,0,35.0,14,6,7,1,1,1,1,5.4,4.1,4.1,7.1,7.5
52.66529774,0,42.0,14,6,2,1,1,1,0,7.8,5.5,8.7,4.8,6.0
4.041067762,0,41.0,14,6,3,1,1,1,0,3.0,3.4,7.2,5.6,5.2
30.78439425,0,41.0,1,6,2,1,1,1,1,7.8,2.6,4.1,6.3,4.4
4.960985626,0,42.0,5,6,7,0,1,1,0,7.8,5.5,2.6,6.3,8.3
4.960985626,0,42.0,5,6,7,0,1,1,0,8.6,5.5,3.3,6.3,7.5
4.960985626,0,42.0,5,6,7,0,1,1,0,7.0,6.9,4.1,5.6,7.5
39.26078029,0,37.0,10,6,3,1,0,1,1,6.2,6.9,4.1,6.3,8.3
39.26078029,0,37.0,10,6,3,1,0,1,1,3.8,9.1,4.9,5.6,7.5
38.70225873,0,33.0,10,6,6,0,1,1,1,5.4,4.1,6.4,5.6,6.7
2.036960986,0,48.0,8,6,2,1,0,1,0,6.2,4.8,5.7,8.7,7.5
105.1663244,0,34.0,10,0,4,1,0,1,1,4.6,3.4,8.0,5.6,5.2
7.162217659,0,23.0,4,13,7,0,1,1,2,4.6,7.6,4.9,5.6,5.2
13.10882957,0,21.0,8,6,7,0,0,0,0,3.8,6.9,8.7,4.0,6.7
8.410677618,1,24.0,5,7,2,1,1,1,0,3.8,4.1,4.1,8.7,6.0
3.876796715,0,21.0,5,6,1,1,1,1,0,7.0,4.8,4.1,5.6,8.3
12.25462012,0,38.0,4,6,7,0,0,1,0,2.2,8.4,7.2,3.3,5.2
37.9137577,0,34.0,12,6,7,2,0,1,0,3.0,6.2,8.7,5.6,7.5
32.88706366,0,27.0,7,6,4,0,1,1,0,3.0,5.5,10.0,6.3,4.4
3.58110883,0,32.0,10,11,7,1,1,1,1,7.0,4.1,8.7,3.3,1.0
43.8275154,0,27.0,13,6,7,0,0,1,0,5.4,6.2,5.7,5.6,6.7
22.37371663,0,31.0,5,7,7,0,1,1,0,5.4,5.5,7.2,4.8,5.2
4.073921971,0,26.0,10,11,6,0,0,0,0,5.4,7.6,2.6,4.8,9.0
12.32032854,1,28.0,5,7,3,1,1,1,2,2.2,5.5,8.7,5.6,6.0
17.18275154,0,24.0,10,6,7,0,0,1,0,6.2,4.8,7.2,4.0,6.7
49.80698152,1,34.0,14,6,0,1,1,1,1,5.4,4.1,8.0,7.1,8.3
49.80698152,1,34.0,14,6,0,1,1,1,1,3.0,5.5,7.2,7.9,6.0
85.48665298,0,22.0,10,2,6,1,0,1,0,7.0,5.5,6.4,4.8,2.9
30.35728953,0,30.0,15,6,2,1,1,1,0,3.8,3.4,7.2,7.9,2.9
78.32443532,0,27.0,4,3,1,1,1,1,0,6.2,3.4,5.7,4.8,8.3
24.24640657,0,30.0,11,6,4,0,0,1,0,5.4,9.8,3.3,5.6,6.7
24.08213552,0,42.0,15,6,2,1,1,1,0,5.4,4.8,4.1,4.8,6.0
0.689938398,0,24.0,6,6,7,1,0,1,0,4.6,7.6,7.2,2.5,3.7
9.429158111,1,36.0,8,6,4,1,1,1,0,7.0,4.8,4.1,4.0,4.4
15.01437372,0,30.0,5,6,3,1,1,1,1,9.4,4.1,3.3,5.6,7.5
59.40041068,0,24.0,10,6,7,2,0,1,0,8.6,4.1,4.9,7.9,5.2
91.99178645,0,39.0,2,6,6,1,1,1,1,5.4,9.1,3.3,2.5,8.3
11.8275154,1,35.0,11,6,2,1,0,1,0,3.8,4.8,7.2,5.6,6.7
19.1211499,1,39.0,10,7,3,0,0,1,1,7.8,3.4,3.3,7.1,6.7
20.89527721,1,27.0,4,6,7,0,1,1,0,3.0,4.8,6.4,7.1,7.5
81.24845996,0,27.0,6,6,7,1,1,1,0,3.0,5.5,7.2,4.8,6.7
23.03080082,0,24.0,10,6,3,0,0,1,0,5.4,4.8,4.9,7.1,6.7
23.03080082,0,24.0,10,6,3,0,0,1,0,4.6,1.9,8.0,6.3,6.0
53.48665298,1,41.0,5,3,2,1,1,1,0,3.8,3.4,8.0,7.9,6.0
55.22792608,0,28.0,5,6,2,0,1,1,1,8.6,4.8,1.0,6.3,8.3
89.00205339,1,32.0,10,2,7,1,1,0,1,3.8,3.4,8.7,7.9,4.4
4.993839836,0,31.0,14,6,7,1,0,1,0,7.8,5.5,3.3,5.6,8.3
9.790554415,0,41.0,10,6,2,1,0,1,0,3.0,6.9,6.4,4.8,6.0
9.790554415,0,41.0,10,6,2,1,0,1,0,2.2,6.9,8.0,6.3,3.7
9.790554415,0,41.0,10,6,2,1,0,1,0,3.0,6.9,7.2,4.8,5.2
11.26899384,0,43.0,14,6,4,1,1,1,1,5.4,4.8,5.7,6.3,6.7
58.80903491,0,32.0,15,10,6,1,0,1,1,4.6,2.6,6.4,4.8,4.4
24.27926078,1,45.0,14,6,2,1,1,1,1,6.2,3.4,7.2,6.3,3.7
24.27926078,1,45.0,14,6,2,1,1,1,1,7.0,5.5,5.7,6.3,6.0
73.3963039,0,43.0,5,6,2,1,1,1,0,7.8,6.2,4.1,4.0,8.3
2.102669405,0,38.0,10,6,2,1,1,0,1,8.6,5.5,4.1,5.6,6.7
2.102669405,0,38.0,10,6,2,1,1,0,1,8.6,3.4,4.1,7.1,6.0
2.102669405,0,38.0,10,6,2,1,1,0,1,7.8,4.1,4.1,7.1,6.7
8.772073922,0,46.0,13,6,2,1,0,1,0,6.2,4.8,7.2,5.6,6.7
86.04517454,0,35.0,13,6,0,1,0,1,1,3.0,7.6,7.2,4.8,2.9
19.44969199,1,38.0,14,6,5,1,1,1,2,6.2,4.1,6.4,6.3,5.2
19.44969199,1,38.0,14,6,5,1,1,1,2,8.6,2.6,7.2,4.8,4.4
20.59958932,0,26.0,14,6,6,1,1,1,1,3.0,4.8,7.2,7.9,5.2
20.59958932,0,26.0,14,6,6,1,1,1,1,3.0,5.5,5.7,7.1,5.2
7.852156057,0,27.0,12,6,7,1,0,1,0,7.0,4.8,4.1,4.8,7.5
7.852156057,0,27.0,12,6,7,1,0,1,0,5.4,6.9,8.0,4.8,6.0
21.65092402,0,43.0,3,6,3,1,1,1,0,6.2,6.2,4.1,5.6,6.7
20.76386037,1,26.0,12,6,7,2,0,1,0,3.0,6.9,4.9,4.8,7.5
33.97125257,0,25.0,2,6,7,2,0,1,0,7.0,6.2,3.3,3.3,3.7
99.77823409,0,26.0,15,6,7,2,0,1,0,5.4,2.6,7.2,7.1,5.2
99.77823409,0,26.0,15,6,7,2,0,1,0,5.4,4.1,8.7,4.8,2.9
60.78028747,0,33.0,8,6,2,0,0,1,1,7.8,6.2,6.4,7.9,6.0
60.78028747,0,33.0,8,6,2,0,0,1,1,3.8,3.4,5.7,8.7,7.5
51.58110883,0,38.0,14,6,6,1,1,1,1,3.8,6.9,4.9,4.8,6.0
5.585215606,0,32.0,5,6,7,2,1,1,0,6.2,3.4,8.0,3.3,3.7
6.866529774,0,45.0,13,6,2,1,0,1,1,4.6,4.8,8.7,4.8,6.0
23.9835729,1,32.0,10,6,4,1,0,1,0,7.8,2.6,5.7,8.7,5.2
9.691991786,0,35.0,9,6,4,1,1,1,1,7.8,3.4,5.7,4.0,6.0
73.29774127,0,24.0,10,6,4,0,0,1,0,5.4,8.4,4.1,4.8,6.0
73.29774127,0,24.0,10,6,4,0,0,1,0,7.8,5.5,4.1,4.8,5.2
34.56262834,1,31.0,10,1,0,0,1,1,1,9.4,4.8,4.1,7.1,5.2
34.56262834,1,31.0,10,1,0,0,1,1,1,7.8,4.8,3.3,7.1,5.2
42.90759754,0,24.0,2,6,7,0,0,1,0,6.2,6.2,4.1,4.8,6.0
70.93223819,1,26.0,7,6,6,0,0,1,0,4.6,4.1,5.7,8.7,5.2
5.35523614,0,34.0,10,6,4,1,0,1,1,6.2,5.5,6.4,7.1,6.0
43.17043121,0,42.0,6,6,3,1,1,1,0,4.6,6.2,7.2,6.3,6.0
11.72895277,0,27.0,8,5,7,0,1,1,0,6.2,3.4,6.4,7.1,6.7
4.468172485,0,35.0,14,6,3,1,1,1,1,7.0,4.1,6.4,6.3,6.7
55.12936345,0,37.0,4,6,3,1,1,1,0,6.2,6.2,2.6,4.8,8.3
55.12936345,0,37.0,4,6,3,1,1,1,0,5.4,7.6,4.9,2.5,6.7
0.887063655,0,30.0,5,6,2,1,1,0,0,10.0,3.4,3.3,4.0,7.5
13.8973306,0,27.0,10,6,7,1,1,1,1,8.6,4.8,7.2,4.0,3.7
49.70841889,1,26.0,6,6,4,0,1,1,1,7.0,3.4,4.9,7.9,9.0
7.12936345,0,27.0,5,6,4,1,1,1,0,7.0,6.2,4.1,4.8,8.3
2.792607803,0,23.0,3,6,3,1,0,1,0,7.0,5.5,4.1,5.6,8.3
9.067761807,0,54.0,13,6,3,1,1,1,1,4.6,8.4,5.7,4.0,4.4
113.8398357,0,21.0,10,6,2,0,0,1,0,2.2,4.8,8.7,7.9,5.2
113.8398357,0,21.0,10,6,2,0,0,1,0,3.8,3.4,8.7,7.1,3.7
66.69404517,0,32.0,12,6,0,1,1,1,1,7.8,4.8,2.6,8.7,7.5
66.69404517,0,32.0,12,6,0,1,1,1,1,8.6,4.1,1.8,8.7,8.3
92.64887064,0,25.0,14,6,7,0,0,1,2,4.6,7.6,9.5,2.5,1.3
92.64887064,0,25.0,14,6,7,0,0,1,2,5.4,5.5,7.2,5.6,2.9
57.69199179,0,28.0,10,6,7,1,0,1,1,5.4,5.5,6.4,2.5,4.4
3.811088296,0,33.0,10,6,7,1,1,1,0,1.4,6.9,8.0,6.3,5.2
106.2176591,0,23.0,10,6,4,1,1,1,0,5.4,5.5,5.7,4.8,9.8
19.51540041,0,31.0,10,6,2,0,0,1,0,5.4,7.6,6.4,4.8,6.0
19.51540041,0,31.0,10,6,2,0,0,1,0,6.2,6.2,6.4,4.0,6.0
15.11293634,0,23.0,10,6,7,1,0,1,1,7.8,4.8,3.3,6.3,7.5
22.24229979,0,46.0,5,6,3,2,0,1,0,3.0,6.9,6.4,5.6,6.0
22.24229979,0,46.0,5,6,3,2,0,1,0,7.0,6.2,5.7,4.8,4.4
26.80903491,0,34.0,2,6,7,1,0,1,0,1.4,6.9,8.0,4.0,5.2
5.749486653,0,26.0,10,2,2,2,0,1,0,3.8,4.8,7.2,5.6,4.4
10.11909651,0,30.0,9,6,2,1,1,0,1,7.8,4.8,3.3,5.6,6.7
10.11909651,0,30.0,9,6,2,1,1,0,1,10.0,4.1,1.8,6.3,8.3
52.00821355,0,29.0,10,6,2,0,0,1,0,6.2,6.9,8.7,3.3,2.9
105.8234086,0,32.0,5,6,6,1,0,1,0,4.6,7.6,4.1,4.8,6.0
3.482546201,1,37.0,5,7,7,1,1,1,2,4.6,6.2,4.9,6.3,4.4
7.523613963,0,39.0,13,6,7,1,1,1,0,7.0,4.8,6.4,5.6,5.2
16.06570842,0,50.0,3,6,4,1,1,1,0,6.2,6.2,6.4,3.3,6.7
43.26899384,0,51.0,4,6,2,1,1,1,0,3.8,7.6,5.7,6.3,5.2
20.89527721,0,33.0,5,6,4,0,0,1,0,3.8,6.2,6.4,4.8,6.7
1.18275154,0,25.0,10,10,3,0,0,1,0,7.0,9.1,1.8,4.8,6.0
132.8952772,0,32.0,14,6,4,1,1,1,0,3.8,5.5,8.7,3.3,3.7
132.8952772,0,32.0,14,6,4,1,1,1,0,3.0,6.9,6.4,3.3,2.9
93.8973306,1,23.0,14,7,7,1,1,1,0,5.4,4.8,5.7,6.3,5.2
21.88090349,0,38.0,14,6,7,1,0,1,2,7.0,1.9,9.5,5.6,6.0
21.88090349,0,38.0,14,6,7,1,0,1,2,6.2,2.6,8.7,6.3,6.0
21.88090349,0,38.0,14,6,7,1,0,1,2,5.4,2.6,10.0,3.3,3.7
21.88090349,0,38.0,14,6,7,1,0,1,2,4.6,5.5,10.0,2.5,5.2
11.92607803,0,27.0,10,6,7,0,1,0,0,7.0,4.8,6.4,4.8,7.5
3.416837782,0,39.0,3,6,0,1,1,0,0,8.6,4.8,3.3,4.0,6.7
58.94045175,0,29.0,13,6,4,0,0,1,0,6.2,7.6,4.1,4.0,8.3
23.55646817,0,31.0,4,6,0,1,1,0,1,7.0,6.9,1.8,6.3,10.0
16.62422998,0,32.0,2,6,4,1,1,0,0,6.2,2.6,2.6,10.0,7.5
4.501026694,1,24.0,4,6,7,0,1,1,0,6.2,4.8,6.4,7.1,7.5
36.73100616,0,24.0,8,6,4,2,0,1,0,4.6,6.9,7.2,5.6,4.4
36.73100616,0,24.0,8,6,4,2,0,1,0,6.2,4.8,4.9,4.8,3.7
72.57494867,1,26.0,5,7,7,0,0,1,0,4.6,4.1,6.4,4.8,4.4
52.10677618,0,30.0,10,11,7,0,0,1,0,6.2,4.8,5.7,5.6,8.3
13.5687885,0,33.0,14,6,5,1,1,1,1,6.2,4.8,2.6,5.6,6.7
6.176591376,0,34.0,10,6,7,1,0,1,0,3.8,7.6,8.7,4.0,4.4
60.25462012,0,22.0,3,6,4,0,0,1,1,6.2,7.6,6.4,2.5,4.4
3.482546201,0,28.0,14,6,7,1,1,1,0,3.8,6.2,6.4,5.6,3.7
7.852156057,0,41.0,10,6,4,1,1,1,0,1.4,4.8,8.7,5.6,2.1
7.852156057,0,41.0,10,6,4,1,1,1,0,3.0,8.4,8.0,3.3,2.1
1.80698152,1,27.0,10,11,2,1,1,1,0,3.0,4.1,9.5,7.1,5.2
1.445585216,0,29.0,5,6,7,0,1,1,0,6.2,6.2,4.9,5.6,6.0
72.67351129,0,35.0,13,6,7,1,1,1,1,4.6,4.8,8.0,6.3,4.4
60.94455852,0,25.0,5,6,7,1,1,1,1,5.4,4.8,6.4,6.3,7.5
44.94455852,1,33.0,10,6,7,0,0,1,0,2.2,7.6,6.4,4.8,7.5
90.51334702,0,22.0,5,6,3,0,0,1,0,3.0,5.5,9.5,6.3,3.7
6.439425051,1,24.0,14,9,2,0,1,1,1,7.8,5.5,1.8,6.3,6.7
9.330595483,0,23.0,2,6,2,0,0,1,0,3.8,6.2,6.4,7.1,5.2
7.195071869,1,27.0,5,6,2,1,0,0,0,7.8,4.8,3.3,6.3,6.7
24.27926078,1,27.0,15,6,3,1,0,1,0,3.0,7.6,8.7,3.3,2.9
44.55030801,0,30.0,14,6,4,1,0,1,1,7.0,5.5,4.1,5.6,6.7
16.0,0,26.0,0,6,3,1,1,1,0,6.2,2.6,4.9,7.9,6.0
166.0780287,1,30.0,2,5,4,0,1,1,1,3.8,4.8,9.5,4.0,2.1
51.74537988,1,32.0,13,6,0,1,0,1,0,5.4,9.1,4.9,3.3,6.7
59.76180698,0,38.0,2,6,5,2,1,1,1,3.8,6.9,4.1,5.6,3.7
30.12731006,0,34.0,14,6,4,2,1,1,0,4.6,5.5,7.2,4.8,6.0
12.32032854,0,26.0,10,6,2,1,1,1,1,6.2,2.6,8.0,6.3,7.5
89.36344969,0,22.0,8,6,5,1,1,1,0,7.0,4.8,4.9,6.3,7.5
74.05338809,0,21.0,14,5,4,0,0,1,1,5.4,4.1,6.4,6.3,7.5
45.07597536,0,28.0,5,6,5,1,0,1,0,6.2,6.9,1.8,5.6,7.5
5.749486653,1,32.0,14,6,0,1,1,1,0,2.2,4.1,5.7,8.7,6.0
20.96098563,0,24.0,10,2,7,0,1,1,0,4.6,7.6,7.2,3.3,6.7
21.15811088,1,49.0,10,5,4,1,1,1,0,7.0,4.8,4.9,7.1,6.0
19.94250513,0,23.0,14,2,7,0,0,1,0,6.2,3.4,6.4,7.1,2.9
29.24024641,0,42.0,10,6,2,1,1,0,0,3.8,5.5,5.7,4.8,3.7
19.35112936,0,45.0,10,6,3,1,0,1,2,3.8,6.9,8.0,6.3,5.2
112.788501,1,23.0,10,6,2,1,0,1,1,4.6,1.9,7.2,5.6,7.5
48.62422998,0,40.0,14,6,7,2,1,1,0,6.2,6.2,6.4,5.6,5.2
103.5893224,0,25.0,10,6,7,1,1,1,0,7.8,3.4,5.7,5.6,8.3
52.79671458,0,29.0,10,6,2,0,0,1,0,6.2,6.9,8.7,3.3,2.9
33.67556468,1,42.0,14,4,7,1,1,1,1,1.4,4.1,9.5,7.1,5.2
65.3798768,1,32.0,13,6,5,1,0,1,1,5.4,5.5,4.9,8.7,7.5
50.0698152,0,37.0,12,6,2,1,0,1,0,3.8,8.4,4.9,4.0,8.3
31.34291581,0,22.0,4,6,7,0,0,1,2,6.2,4.1,8.0,4.0,1.3
31.34291581,0,22.0,4,6,7,0,0,1,2,4.6,4.1,9.5,6.3,1.3
142.75154,1,27.0,10,11,6,1,1,1,1,3.8,6.2,4.1,7.9,5.2
4.1724846,0,28.0,13,6,7,1,1,1,0,3.8,6.2,6.4,5.6,3.7
49.47843943,1,31.0,10,3,7,1,0,1,0,5.4,4.8,2.6,8.7,9.8
2.135523614,1,38.0,14,6,0,1,0,1,1,5.4,4.1,8.0,7.1,8.3
2.135523614,1,38.0,14,6,0,1,0,1,1,3.0,5.5,7.2,7.9,6.0
75.8275154,0,23.0,12,6,4,0,0,1,0,2.2,6.2,8.7,4.0,2.1
67.4825462,0,36.0,10,6,0,1,0,1,0,4.6,6.9,3.3,6.3,9.0
9.133470226,0,22.0,5,6,7,0,1,1,0,7.8,8.4,2.6,4.0,6.7
9.133470226,0,22.0,5,6,7,0,1,1,0,7.8,7.6,3.3,4.8,6.7
33.28131417,0,40.0,11,6,3,1,0,1,0,3.0,6.9,8.0,4.0,3.7
32.0,0,22.0,5,7,2,0,1,1,2,7.0,3.4,4.9,7.1,6.7
53.42094456,1,37.0,6,8,3,1,1,1,1,3.0,4.8,4.1,7.1,7.5
45.5687885,0,25.0,6,6,0,2,0,1,2,7.0,6.2,6.4,4.0,5.2
9.757700205,1,37.0,10,11,3,0,1,1,0,6.2,4.1,4.9,7.9,6.7
14.55441478,1,30.0,12,11,2,0,0,0,1,5.4,2.6,3.3,7.9,6.0
8.837782341,0,24.0,2,6,7,2,0,1,0,4.6,6.2,5.7,6.3,6.7
12.78028747,0,35.0,4,3,3,1,0,1,0,5.4,5.5,3.3,4.8,6.7
14.48870637,1,30.0,10,2,5,1,1,0,1,3.8,4.1,8.7,4.8,5.2
14.48870637,1,30.0,10,2,5,1,1,0,1,5.4,3.4,9.5,6.3,3.7
14.48870637,1,30.0,13,2,5,1,1,0,1,3.8,4.1,8.7,4.8,5.2
14.48870637,1,30.0,13,2,5,1,1,0,1,5.4,3.4,9.5,6.3,3.7
1.675564682,1,36.0,12,6,3,0,0,1,1,5.4,4.8,6.4,4.8,6.7
113.0513347,0,30.0,2,6,4,2,0,1,1,4.6,6.9,4.1,6.3,7.5
48.6899384,0,25.0,5,6,7,2,0,1,0,6.2,3.4,7.2,2.5,3.7
48.6899384,0,25.0,5,6,7,2,0,1,0,6.2,5.5,7.2,7.1,4.4
29.30595483,0,25.0,5,6,2,2,0,1,0,6.2,8.4,5.7,4.0,6.0
13.10882957,0,26.0,1,6,3,1,0,1,1,3.0,3.4,6.4,7.1,6.0
7.12936345,0,21.0,4,6,7,0,1,1,0,5.4,6.9,7.2,2.5,4.4
54.9650924,1,22.0,2,7,3,0,1,1,0,5.4,5.5,6.4,7.9,6.0
74.74332649,0,25.0,10,6,7,1,1,1,1,4.6,2.6,8.0,4.0,2.9
84.89527721,0,31.0,5,6,7,1,0,1,1,4.6,3.4,7.2,7.1,4.4
35.94250513,1,33.0,4,3,7,2,1,1,0,5.4,4.8,2.6,7.9,9.0
50.23408624,0,38.0,13,6,3,1,1,1,0,7.8,7.6,2.6,5.6,7.5
57.52772074,1,24.0,11,7,2,0,1,1,0,6.2,3.4,2.6,7.1,5.2
4.76386037,1,30.0,10,6,7,1,1,1,0,7.8,2.6,4.1,8.7,6.7
30.71868583,0,32.0,14,6,7,1,1,1,0,4.6,2.6,7.2,6.3,5.2
55.95071869,0,28.0,6,6,2,0,0,1,1,5.4,4.8,4.9,7.9,5.2
58.4476386,1,24.0,13,9,4,0,0,1,0,6.2,5.5,3.3,7.9,6.7
38.89938398,1,36.0,14,14,3,1,1,1,1,4.6,4.8,4.1,7.1,10.0
9.49486653,0,26.0,5,7,2,1,1,1,2,6.2,5.5,5.7,6.3,5.2
42.57905544,0,26.0,2,6,7,1,0,1,1,6.2,6.2,5.7,5.6,7.5
42.57905544,0,26.0,2,6,7,1,0,1,1,6.2,7.6,4.1,4.8,9.0
114.8583162,0,26.0,10,6,0,1,0,1,0,7.0,5.5,4.9,4.8,7.5
18.7926078,1,30.0,2,9,7,1,1,1,0,7.0,2.6,4.1,8.7,9.0
10.51334702,1,37.0,10,11,3,0,1,1,0,6.2,4.1,4.9,7.9,6.7
51.08829569,0,31.0,8,6,7,1,0,1,0,6.2,2.6,4.9,6.3,6.7
40.47638604,1,26.0,15,13,6,0,1,1,0,6.2,3.4,5.7,6.3,7.5
5.420944559,1,44.0,14,1,7,1,1,1,1,3.0,6.2,10.0,4.0,3.7
71.22792608,0,23.0,4,6,2,1,0,1,0,3.8,4.1,8.0,7.9,5.2
15.34291581,1,33.0,8,14,3,1,1,1,0,4.6,6.2,9.5,5.6,4.4
21.48665298,0,31.0,11,13,1,1,0,1,2,9.4,5.5,3.3,3.3,5.2
12.32032854,1,36.0,14,6,3,1,1,1,0,7.0,4.8,4.1,4.0,4.4
3.252566735,0,39.0,14,6,7,1,1,1,0,2.2,9.8,7.2,3.3,2.1
11.79466119,0,29.0,10,6,0,0,0,1,0,4.6,4.1,8.7,4.8,4.4
108.8788501,0,32.0,2,6,5,1,1,1,0,7.8,7.6,4.1,1.7,5.2
21.88090349,0,41.0,10,6,7,1,1,0,1,7.8,7.6,4.1,1.7,5.2
37.32238193,1,25.0,13,13,6,2,1,1,1,4.6,5.5,8.7,4.0,3.7
23.95071869,1,34.0,2,1,6,1,1,1,0,9.4,4.8,4.1,7.1,5.2
23.95071869,1,34.0,2,1,6,1,1,1,0,7.8,4.8,3.3,7.1,5.2
51.31827515,0,43.0,7,6,7,1,0,1,1,4.6,5.5,3.3,7.9,7.5
15.60574949,1,54.0,10,11,2,0,1,1,0,7.8,2.6,4.9,8.7,7.5
1.149897331,1,30.0,5,11,5,1,0,1,2,7.8,3.4,1.8,7.1,7.5
51.8110883,0,23.0,13,6,7,0,0,1,0,7.0,8.4,4.9,3.3,6.7
61.79876797,1,22.0,5,7,7,1,1,1,0,3.8,7.6,4.9,5.6,6.0
45.43737166,0,35.0,13,6,4,1,0,1,0,6.2,5.5,4.9,6.3,6.0
17.24845996,0,37.0,3,6,4,1,1,1,0,6.2,2.6,7.2,7.1,2.9
25.98767967,1,23.0,4,9,1,0,1,1,2,6.2,6.2,7.2,4.8,5.2
19.05544148,0,26.0,5,6,7,2,1,0,0,3.8,3.4,8.7,7.1,6.0
29.70020534,1,47.0,5,3,4,1,1,1,0,1.4,5.5,6.4,10.0,5.2
29.70020534,1,47.0,5,3,4,1,1,1,0,2.2,5.5,7.2,9.4,6.0
59.86036961,0,27.0,10,6,7,0,0,1,1,6.2,6.9,4.1,5.6,6.0
51.84394251,0,34.0,5,1,3,0,1,1,1,4.6,4.1,4.9,9.4,6.7
58.97330595,1,25.0,10,13,7,1,0,1,0,4.6,4.8,6.4,7.9,6.7
85.48665298,1,29.0,10,5,7,2,1,1,0,3.8,2.6,9.5,7.1,2.1
118.899384,0,31.0,12,6,4,1,1,1,0,9.4,8.4,3.3,3.3,8.3
32.32854209,0,31.0,15,6,2,1,1,1,0,7.0,4.8,6.4,2.5,4.4
38.86652977,0,32.0,14,6,2,1,1,1,1,5.4,4.8,7.2,4.0,8.3
56.77207392,0,36.0,13,6,7,1,1,1,0,4.6,4.1,6.4,7.1,2.1
56.77207392,0,36.0,13,6,7,1,1,1,0,5.4,3.4,6.4,4.8,2.9
9.691991786,0,34.0,10,6,7,0,0,0,1,4.6,4.8,4.1,7.1,9.0
7.950718686,0,39.0,14,6,2,1,1,1,0,7.8,4.1,2.6,7.9,6.7
8.87063655,0,38.0,3,6,2,2,0,0,0,3.8,4.1,5.7,4.8,9.0
8.27926078,1,29.0,10,11,3,0,1,1,0,8.6,4.8,2.6,8.7,7.5
8.772073922,0,32.0,10,6,4,1,1,0,1,6.2,4.8,5.7,4.0,7.5
3.121149897,0,32.0,5,7,7,0,1,1,1,9.4,6.2,4.1,4.8,7.5
3.121149897,0,32.0,5,7,7,0,1,1,1,7.0,6.2,5.7,4.8,5.2
33.01848049,0,23.0,13,13,7,1,0,1,0,5.4,6.2,7.2,3.3,2.1
5.815195072,0,25.0,10,14,4,1,1,1,0,4.6,5.5,6.4,5.6,7.5
5.256673511,1,34.0,5,11,3,1,1,1,1,3.0,6.2,8.0,4.8,2.9
19.18685832,0,43.0,4,3,2,2,1,1,2,6.2,5.5,3.3,7.9,9.0
8.180698152,1,30.0,5,7,2,0,1,1,1,3.8,5.5,2.6,9.4,3.7
27.86036961,0,31.0,14,6,6,0,0,1,1,9.4,5.5,2.6,4.8,5.2
3.318275154,0,25.0,2,6,7,2,1,1,1,7.0,2.6,4.9,7.9,5.2
11.72895277,0,22.0,4,14,7,0,1,1,0,7.0,4.8,5.7,7.1,7.5
27.56468172,1,41.0,1,13,7,1,0,1,1,3.8,6.9,2.6,7.1,6.7
36.33675565,0,32.0,14,6,0,1,1,1,0,7.0,9.1,3.3,2.5,6.0
78.91581109,1,21.0,10,14,3,1,0,0,2,4.6,6.9,4.9,7.1,6.0
23.45790554,0,29.0,13,6,4,1,0,1,1,6.2,9.1,4.1,3.3,6.7
23.45790554,0,29.0,13,6,4,1,0,1,1,7.0,7.6,3.3,3.3,6.7
132.4024641,1,25.0,10,7,2,0,1,1,0,4.6,6.9,2.6,4.8,6.0
45.79876797,0,27.0,13,6,7,0,0,1,0,3.8,9.1,4.1,4.8,4.4
32.45995893,0,32.0,2,6,7,1,1,1,0,3.8,4.1,6.4,7.9,6.7
45.53593429,1,39.0,6,13,3,1,1,1,2,3.8,6.9,4.1,7.1,7.5
43.4661191,1,28.0,14,6,7,0,0,1,1,6.2,3.4,4.9,6.3,6.7
97.44558522,0,28.0,2,11,0,1,1,1,1,7.8,4.8,3.3,6.3,7.5
25.33059548,0,32.0,10,6,5,2,1,1,0,8.6,3.4,3.3,6.3,2.1
29.96303901,1,32.0,5,7,2,0,1,1,0,3.8,7.6,4.9,4.8,4.4
52.73100616,0,45.0,14,6,0,1,1,0,0,5.4,4.1,8.0,4.8,3.7
52.73100616,0,45.0,14,6,0,1,1,0,0,5.4,5.5,5.7,4.0,8.3
52.73100616,0,45.0,14,6,0,1,1,0,0,3.8,8.4,5.7,3.3,7.5
20.46817248,0,31.0,4,6,7,0,1,1,0,2.2,6.9,6.4,4.8,2.1
42.94045175,1,23.0,2,6,4,0,0,1,0,4.6,7.6,5.7,4.0,5.2
89.36344969,0,22.0,8,6,5,1,1,1,0,7.0,4.8,4.9,6.3,7.5
90.90759754,1,32.0,5,7,6,2,1,1,1,7.0,4.1,4.1,5.6,6.0
9.921971253,0,20.0,5,7,2,0,1,1,0,9.4,4.8,2.6,4.8,9.0
16.49281314,0,34.0,10,6,7,1,0,1,1,9.4,5.5,1.8,4.8,6.7
51.87679671,0,19.0,1,13,6,1,1,1,1,9.4,6.2,3.3,4.0,6.0
34.95687885,1,38.0,10,11,0,1,1,1,0,7.0,2.6,6.4,5.6,5.2
95.96714579,0,33.0,10,1,3,0,1,1,2,4.6,3.4,6.4,6.3,6.7
0.755646817,0,43.0,10,6,2,1,0,1,0,7.0,5.5,4.1,4.0,5.2
16.65708419,0,38.0,14,6,3,0,0,1,0,5.4,4.8,5.7,4.0,3.7
17.41273101,0,27.0,10,6,7,2,0,0,1,7.8,5.5,5.7,6.3,6.0
79.54004107,1,34.0,0,7,6,1,1,1,0,3.8,5.5,6.4,4.0,4.4
86.83367556,1,24.0,6,4,6,1,1,1,0,3.8,6.2,8.0,4.0,2.9
59.00616016,1,36.0,10,13,2,1,1,1,0,3.8,4.1,8.7,6.3,5.2
46.22587269,1,29.0,13,10,3,1,1,1,0,7.0,6.2,2.6,6.3,7.5
153.100616,1,43.0,5,11,4,1,1,1,1,6.2,3.4,4.9,7.9,5.2
7.162217659,0,39.0,15,6,3,1,0,1,0,3.0,7.6,7.2,4.0,7.5
7.162217659,0,39.0,15,6,3,1,0,1,0,1.4,8.4,8.0,4.8,6.0
6.800821355,1,31.0,5,7,7,1,1,1,0,7.8,3.4,1.8,8.7,6.7
79.80287474,1,34.0,5,7,6,1,1,0,0,3.8,5.5,6.4,4.0,4.4
94.78439425,0,31.0,10,6,6,2,1,1,2,6.2,6.2,3.3,4.0,9.0
94.78439425,0,31.0,10,6,6,2,1,1,2,5.4,6.2,4.9,6.3,7.5
59.17043121,0,22.0,10,6,7,2,0,1,0,8.6,4.8,2.6,7.1,8.3
11.00616016,1,41.0,4,6,7,1,1,1,0,3.8,4.1,6.4,9.4,6.0
6.800821355,1,25.0,14,6,3,1,0,1,0,5.4,4.8,6.4,7.1,8.3
26.67761807,0,19.0,5,6,7,2,0,1,0,7.0,2.6,6.4,7.1,2.1
11.56468172,1,41.0,5,7,7,1,1,1,2,5.4,4.1,4.9,7.9,7.5
53.35523614,0,27.0,5,6,7,1,1,1,0,3.0,5.5,6.4,6.3,4.4
12.5174538,1,48.0,14,9,3,1,1,1,0,1.4,6.9,6.4,8.7,6.0
6.669404517,0,27.0,2,6,7,1,0,1,0,9.4,5.5,3.3,4.0,7.5
10.61190965,0,41.0,2,6,4,0,1,1,0,8.6,3.4,2.6,4.8,8.3
10.61190965,0,41.0,2,6,4,0,1,1,0,8.6,3.4,2.6,4.8,8.3
118.8008214,0,34.0,12,0,0,1,0,1,0,4.6,5.5,7.2,6.3,3.7
49.41273101,0,51.0,4,6,2,1,1,0,0,3.8,7.6,5.7,6.3,5.2
24.83778234,0,29.0,10,6,7,1,0,1,1,9.4,1.2,4.1,5.6,6.7
