Culture,Criticality,Criticality Modifier,Initial Known,Inter-Dependency,Dynamism,Size,Plan,Team Size
0.0167002913076319,0.3984676266179013,0.5851830316569843,0.6985538170826934,0.4619402427641454,0.9702855369579132,0.1048085885399812,0.3789331132446979,0.0939673757186118
0.6687424317666099,0.78598900344195,0.6530429643667198,0.7748296738904181,0.1749425234442835,0.9485540480654232,0.4840307154173213,0.4155924517944268,0.4604691721544381
0.0997697925109676,0.1409790449929415,0.7704028201232149,0.704157906739432,0.3323591143061852,0.441097339613538,0.9992047981620944,0.9717027551014548,0.7495445176873031
0.7287288288433675,0.7880196693742445,0.0132099186550651,0.4018222039941638,0.6205175048686472,0.1429906290940079,0.141308153242323,0.5422332787729269,0.1633974969026718
0.31965690020414,0.0585198165773219,0.9517075473732164,0.0279510836070415,0.68241930268657,0.0565682823148613,0.6254915015366493,0.8618942383666085,0.3735412994646802
0.6717932649872708,0.9053837021391368,0.9374451849799754,0.7046719002754707,0.0504817792846886,0.4334057052970738,0.1648392797918197,0.424626929739476,0.3798307281657427
0.2810780890571936,0.06306407877173,0.7921707875309876,0.0646008196639631,0.9164413536154516,0.1065867568655862,0.2996555082449794,0.2045297917502796,0.8334299913413084
0.2102262634805103,0.0002113890070343,0.67626485443497,0.4209624478282772,0.2334119374300234,0.1597657634039992,0.7715058434215964,0.8190003619329156,0.9896151859028862
0.0191700057141795,0.3890263795679016,0.4499225988982761,0.9348038110579284,0.7805041341906627,0.6113899714070561,0.2761736462267469,0.8375325180676215,0.5225386790746593
0.2805686089789893,0.659559603612813,0.1654764076242584,0.0598512312304023,0.1592365478295325,0.4380240206071167,0.5101976824759556,0.746542917163787,0.5504160166476988
0.4741117593722476,0.8339952189442505,0.6813210160335045,0.3997116775621546,0.1961982734529839,0.9836917379647536,0.9713079337654044,0.6279958690362143,0.4187123887860099
0.5954676346189667,0.8515590089692362,0.7421602372855609,0.3849202600393443,0.817213173150605,0.2491909552228423,0.9059638289393364,0.3490373420633472,0.5637954530019217
0.7466807362226251,0.5757763099930453,0.5509025178894013,0.6871419392731716,0.2906734126813997,0.0310955611604405,0.9816249731849996,0.8055415613281902,0.3844473740306233
0.8417582547666875,0.8668200341105695,0.3073514889744198,0.2578173189465079,0.8756093607236682,0.9982320438224817,0.4365325141168957,0.2096083331615003,0.2861964720575547
0.6480491627872149,0.3167139417466975,0.5632583340200593,0.5029244093653263,0.5885075331236183,0.7630767806522167,0.1992447382793979,0.0897290566481399,0.9981652390398702
0.6887506306370771,0.26565205993732,0.7362973332383185,0.2427926639863394,0.2240483233340315,0.8958582401551123,0.6228261612797437,0.3372333129442498,0.5784264953190207
0.4584365785188141,0.3569413239749393,0.0393972445726608,0.401415232406682,0.964845587725232,0.0822012985982401,0.2520271846402808,0.4455438031234187,0.3940931359321381
0.2411819762992088,0.3377919147855402,0.0154840230809302,0.8411274645096675,0.8542626786706199,0.3381039890697822,0.7992362213478347,0.9870535361999186,0.9814511264385062
0.2580272415063253,0.3980197899501423,0.6615404490206942,0.1251804046746553,0.2479126621911483,0.5943619553637932,0.9005150391354148,0.3578313576400067,0.6802153006793976
0.3114580362638802,0.4985761436126903,0.578404979824295,0.7107294380760588,0.4540186157711401,0.2800888655747915,0.984946573237582,0.827492765656488,0.0274889531217412
0.8728403122895535,0.5740137367901601,0.6218103642471479,0.8192475253915749,0.6901654146709927,0.9619849725782688,0.445779728593057,0.8392998739538733,0.8537612644260801
0.671757375712378,0.0334808578444005,0.9443191749980302,0.9692908038089016,0.0193262003748706,0.3362025422106327,0.9234020807770952,0.2964780056203118,0.9051335358422292
0.6503549584105354,0.5829528983764717,0.657560021703908,0.8121383953284106,0.5188015615829895,0.6761142209822046,0.78055030107993,0.9866891906821804,0.4973569576227246
0.38498596483887,0.0851441162700645,0.0405188490184506,0.5189360744389349,0.5597938897052185,0.3446689658508346,0.5066820868316362,0.1495750920638622,0.2545426273944304
0.8941858315180876,0.1535456951830235,0.869485432650111,0.3411495345081535,0.5081860302372917,0.3448881925905809,0.9610171760503814,0.379529996936456,0.654084343230758
0.1722397633076241,0.7885695349936834,0.2157277900551797,0.2210740732713128,0.7759808918290205,0.7600788491524921,0.5935196012949586,0.8769578050482654,0.1675107617142227
0.9584925807656028,0.3285621357829978,0.2855364471970157,0.1635477826203805,0.2092932644107682,0.966835774427862,0.104457702996118,0.3027960053594055,0.6894477994908974
0.7797016236843353,0.5797436033467104,0.0506952968510355,0.29058222215329,0.5829021801953413,0.0115311396764552,0.6686892091385586,0.4980574200793226,0.4045526922781201
0.1968124448395904,0.6277372083952049,0.3045485311429018,0.4065680069400702,0.2672910081008397,0.8399703703351112,0.1552604828568128,0.0330806806837739,0.8799341914009194
0.3443296858172702,0.0422196364776226,0.5599142728958134,0.1529917738620485,0.1666704383328557,0.1794797978061547,0.8727186392990117,0.1484961636056627,0.1566636292713874
0.2083075245367391,0.1831640027664416,0.9725224005827504,0.6538115805020988,0.5324609801568079,0.8472015902925106,0.3302092690161256,0.2125328956002076,0.3653290092490439
0.3775361114978993,0.5455668676521086,0.5414658067993063,0.1825767921732347,0.7406838651995639,0.0225602523888702,0.5677598815983502,0.6872769109147474,0.5591337504610424
0.1985428955723804,0.5876707433953886,0.2226950325353293,0.4775104348248594,0.4880576714070596,0.6560134786800766,0.0726431583481876,0.285195924556454,0.2550529767197768
0.2531896439825232,0.9742771817909996,0.9717489601269936,0.1267155207555189,0.5108051750201611,0.1529082066109903,0.0968107396485493,0.9139489100420904,0.1668183548717472
0.2866382408883646,0.6012598146177073,0.1486333338499155,0.7613051627976455,0.6184269180088379,0.0659581695817463,0.548992884916584,0.979942024512515,0.0861102306844391
0.2236792437083601,0.6963420183815651,0.0943309139180398,0.1961639129220209,0.2955591287167829,0.352579840579304,0.6980816581179643,0.6124413499169145,0.6033165783336546
0.4366327584697319,0.7076987353442459,0.1840285112016517,0.6833707445419603,0.1557104836278566,0.3339994307364934,0.6636430322665107,0.0358591698825414,0.4841146767979357
0.1054464837456256,0.962786393793576,0.2814968484149298,0.6388397011538314,0.1260249764806251,0.706345666571223,0.8658228840509656,0.6652966516529621,0.2988091419217858
0.8769855100948865,0.8740167693929657,0.5443010283192254,0.0420738483069104,0.6596284603117739,0.6226670298961007,0.9782305776538884,0.322409253143868,0.7044017712918718
0.2245658945192151,0.3931179534771662,0.6818760225845507,0.89148210112111,0.5065108243098523,0.2572245149870709,0.3614989569799609,0.8538929207484323,0.9253249028881392
0.1140246942966265,0.4875454576027266,0.2967439741000688,0.6076557574757593,0.586185484250743,0.3095099182197914,0.1242329906503616,0.6652838785927626,0.7001612043109658
0.4310050784276904,0.9660189850425056,0.4629680249663628,0.5984397621670565,0.0869614831217606,0.5475757626534898,0.7727149275925767,0.9297413990669714,0.0125415066611033
0.8776418347738182,0.0780571268119948,0.5845719009793267,0.8718648491354667,0.9423703922318728,0.851791460131905,0.2545797197139152,0.8337292688781849,0.1708195088953336
0.0225292370991488,0.5686078168093127,0.8251100637213397,0.2134852262363136,0.5422884344927236,0.6567407103313777,0.6463308718013269,0.5785143505537331,0.4364369579362912
0.206248356649431,0.5637023695844249,0.6484504041720285,0.5556602833693511,0.1413083316583502,0.1669869873973714,0.1176135029033905,0.1041640660256066,0.4912570001593143
0.6795882550424709,0.0991707026936448,0.3434614059891576,0.5703105876016762,0.3511909621470318,0.2877654501779254,0.3861988785169533,0.0399654196363904,0.9644396864582016
0.1205329852177573,0.8890951546957794,0.3530912453717439,0.3043030307961706,0.6309324482012811,0.2911824639478734,0.2586051272796461,0.9206746457051256,0.9004385903698796
0.4973366860663697,0.6148302330899195,0.6028178640941422,0.9550492724883342,0.3873742084888965,0.5583391890094778,0.9641594297071177,0.3572108849961,0.1830522664123032
0.3932081945970636,0.3161834237054985,0.0503624627675693,0.4918763494068824,0.0320306027529886,0.9024934164287052,0.4033886079004957,0.9229393139791612,0.736361888685822
0.3966172014676632,0.1468526053553636,0.9022530955196336,0.8213082714425998,0.4266199369113469,0.2689047763209652,0.2382482021440858,0.9945694638399408,0.1268029048311134
0.9704160746434416,0.7195025849024664,0.4590478676179604,0.1663533857529716,0.1121378636644659,0.5025120707814943,0.5534044573845341,0.3761214762347604,0.7367782903161204
0.2823303813412497,0.4605662678566754,0.903527486058776,0.1880410065445092,0.0138435258785966,0.7300038245246905,0.7799790765901705,0.9845198247844312,0.8350191631696501
0.7701520157524449,0.7288043470291081,0.1770518186708877,0.5246934440186143,0.8805180986610027,0.9499139475528386,0.7851614424830562,0.6798643175063991,0.3890113741848978
0.0192727494335926,0.2936809522257882,0.6337053306069205,0.5587539176066305,0.2194427724852852,0.0320399774362409,0.7096948474252032,0.2252071736209512,0.7492178445339361
0.4915601038714378,0.8075128617118098,0.4769568344174193,0.5660059542456564,0.353978592860817,0.8241679314713689,0.8094617869440439,0.2022755730033216,0.7842159492034867
0.9706934269310492,0.741360324378508,0.3674881403246911,0.2315564373659773,0.5935980192234501,0.6614707691252242,0.2002937552201069,0.1272618696801182,0.5334308468302659
0.7030376427174957,0.8731208251306473,0.0808833408565342,0.2435733818139909,0.5732828588090272,0.1976327265752108,0.5154187768532003,0.9282518404813008,0.127467276606659
0.2812678567160833,0.2129649525482584,0.3150139423517266,0.7621120717646118,0.6971370400585986,0.4055211002631129,0.7924367315934193,0.2856037845420182,0.0109842400894498
0.8499281236247331,0.7020739835182657,0.434569685778007,0.7148072055086447,0.1068062299351575,0.9355430139258966,0.0060675194671848,0.331183583146697,0.4200291711702063
0.8788140948932406,0.8303403223151651,0.5221520349991351,0.3130016133005006,0.5333406288052983,0.3701329755052464,0.3671665983888444,0.9399857434220829,0.3393373403480805
0.7620538533482001,0.5921938969489118,0.8615265482256742,0.9291742963202156,0.6607659211187058,0.297170134068018,0.9541151347105576,0.0411985524150236,0.2088312914669285
0.4085015920558914,0.3065436228880582,0.859907920261274,0.4061068542252313,0.979753756063956,0.499851304645395,0.4367020024771848,0.3776685987602267,0.3947208756304795
0.0430577984207538,0.1074602431968599,0.6513829794999824,0.9241432229904244,0.8027051631226819,0.6071322523854132,0.2473087381136001,0.8017467840312619,0.8541643503192486
0.8430419259132725,0.2331131893638125,0.1209985755655973,0.2945955736985802,0.6349394496954502,0.740338828621949,0.3716384207301055,0.6445784131488521,0.8347801550792346
0.4253574321947724,0.7905577284804945,0.8871536941762962,0.6036038031999413,0.7192027056371342,0.7780783459776158,0.2414131794930009,0.8694415083719842,0.7600793354587698
0.6713788025115928,0.8309674586764977,0.3264765476794986,0.4499388904409711,0.2696232142773862,0.3651884642534244,0.3053652079454327,0.2444457215131508,0.2694213035654169
0.6844857157231607,0.5903923824495554,0.5093119683064308,0.398947556018679,0.0025413452920275,0.1822101652800398,0.822441163750659,0.5678758813264351,0.8175026387154727
0.0290184232359672,0.8582225847225929,0.3383909843432917,0.0506861940289814,0.0221506676813691,0.6297873930556961,0.4981423428140299,0.5232242260217916,0.815584351323062
0.3987428122658333,0.2765833790750929,0.7044693549125949,0.6291897614708071,0.6462076593414505,0.7589972969447715,0.7136897757598523,0.993377326198202,0.7336085321688316
0.6225036079298331,0.0187305028606628,0.5683770430102324,0.0259455821936747,0.5432574163691077,0.7517299662376589,0.2027220917574904,0.5078916633687119,0.7109148176092795
0.0937634667900301,0.2086970050552842,0.7300712980683847,0.2403628778547776,0.8975752533130281,0.2744620339843787,0.6753542188771855,0.8446518333786778,0.4205980652760949
0.8019532293995613,0.32771144005142,0.2593480750564062,0.3955037408351625,0.0701239794729525,0.5835416441594908,0.5294740268362237,0.9059428774942306,0.3026957404236852
0.6787579846636396,0.1916243440133614,0.6118697151638633,0.4755288912109563,0.643313179184135,0.1495402552292856,0.6810677573068491,0.4965032220744938,0.4059528628220776
0.4873820844672284,0.7396411738593394,0.9008366614429748,0.627566344818901,0.2777728409457217,0.2609874808056511,0.3236530434868857,0.4508073308524378,0.911250302968872
0.7511242150830396,0.4845624697786406,0.3921523060911883,0.413632572587273,0.2741533817839265,0.0894742266554062,0.7314150659478724,0.77135148211937,0.3369065454172715
0.2721878167216266,0.8879734142074795,0.9074911251922771,0.5823908030427091,0.7319886682848384,0.387099299958227,0.3891875182915558,0.5204287465804899,0.2699979153968603
0.6544821549849067,0.6967445097933848,0.4579316728756711,0.8742023393907289,0.7075774409346779,0.5035474534583667,0.280382438571604,0.2629756227566903,0.8906437303903793
0.2090016775816958,0.6382451786807212,0.2445665486278163,0.6293337831455065,0.0700284231378624,0.3515570398093264,0.3230583156348084,0.3963227954677601,0.1162022324894306
0.4486915801467341,0.8492866753492446,0.8904417618673273,0.0724992302982892,0.6882574153825667,0.0146393496975916,0.3919611285561815,0.7837198592744146,0.7150262907110749
0.0451758789376973,0.6899471693288219,0.6584766116100452,0.0159158646949807,0.6286460944017844,0.1407962201748031,0.0981087579563404,0.3939517662805823,0.0009946046984778
0.3252268823110635,0.3403620687534605,0.4853316728368108,0.9018481149587444,0.8730888875874789,0.6276162914179774,0.4971722887300422,0.535054477282112,0.6934387815188405
0.7252448171406523,0.239312131978405,0.417562818586755,0.0319356047331809,0.6381065796222722,0.0819096273022932,0.8909420920164937,0.7846094651746819,0.7374779370141192
0.7060694895257817,0.1708776541567487,0.1628895496655148,0.5161736547578116,0.8104259056548025,0.9985527880065213,0.2740834051807966,0.8804572384074808,0.5039952890220274
0.1352385556422161,0.5965455123774014,0.8329967484969737,0.642605255531024,0.2690448688028152,0.5641769475131733,0.5433306016529325,0.5370065018054712,0.9448508951710088
0.923437195854844,0.3919939171675134,0.3680373702484842,0.2295810671889776,0.9590111751038504,0.8653080564415415,0.5181142144822248,0.2989128172004331,0.0456411255162384
0.7115038167071658,0.7341043191964394,0.7806601070465682,0.6971412961276782,0.5697341804867108,0.0222554974187131,0.2847749855364159,0.8444152288307133,0.4575612177820478
0.3537963606089302,0.9592698583018948,0.820645385599638,0.1639875566654778,0.6256883700965397,0.9839076366310472,0.4784014018180366,0.3463515886619778,0.866811820918484
0.3213134653131909,0.866505092246543,0.0542283295114963,0.8664295558466506,0.7718138130790287,0.6402587516320716,0.03938512520576,0.7753789414578984,0.1655180596756574
0.426213508174278,0.5317035293420628,0.9421858395742108,0.0324361704536451,0.3701274551063882,0.918322205939964,0.6224043020462987,0.1075638706960658,0.4330955659029355
0.7708354564131104,0.966453381017587,0.6799247392493761,0.5792218752004641,0.9027838259389246,0.8844407563443707,0.3719962766323709,0.69428005164047,0.6969464266072685
0.2601196457705952,0.2680163574191512,0.6296833477871443,0.2834614290215714,0.3083159980264754,0.818595960690025,0.872610510445799,0.1445340366217502,0.6814874092689562
0.3879431878185111,0.1425124908662511,0.0761467565801237,0.1404146052326865,0.7670723681982426,0.1529019408100336,0.3202767070293412,0.1521232468759619,0.7194932094778171
0.452019051212276,0.7469621433031377,0.9358607605692628,0.8448133654015582,0.072854639907993,0.7810665843624818,0.4015206913381387,0.195394389415841,0.1993727460229045
0.3365454099859796,0.2741005164457856,0.7015130902198786,0.1610939837624435,0.4682182730463373,0.56786100012023,0.1773030544664815,0.8589839871567997,0.9893228976768088
0.7323495299093024,0.9483950996872328,0.5083308103440745,0.5666869940488323,0.6013515569905103,0.1886952085215054,0.2001697348169168,0.1989808597451646,0.1194312133279057
0.5774090603671614,0.2482123625806128,0.0999586684536669,0.6722225891155382,0.6073587684436679,0.7766852779084816,0.9611990875037362,0.9775243510076906,0.6135200641936627
0.5670960735251115,0.0289254179253196,0.0402828813256888,0.9848641841408288,0.7799157143548423,0.7848131619374334,0.7199599740270227,0.0078481322273719,0.8128297934597316
0.92008105550121,0.7589561885319287,0.0714499653220746,0.4939431061129853,0.8099079895098368,0.4566013063187266,0.4851734206493616,0.2403941841965995,0.191908621067968
0.3029476333270908,0.3265579792541709,0.3953479148499502,0.7701404971456648,0.129500485653509,0.4557621835520936,0.7480734027531193,0.0868336019834991,0.8407903826783042
0.421337172868411,0.4902833081617493,0.5412306563033573,0.2709956329893405,0.8767537531930534,0.3867637898462596,0.1416728943390867,0.0814224317531507,0.4987652621034621
0.6972177211324385,0.7527971397498361,0.6521928134816634,0.9031553015459348,0.7701056542630654,0.8413714616693561,0.7069338026139558,0.2282149729552356,0.05854449844633
0.7485687540719864,0.9713296233510016,0.5759492679110304,0.2896316764368771,0.3552827762986966,0.6106494878692025,0.7971336829835384,0.0891123624076527,0.2138319847295432
0.1988444736140403,0.9422037284731016,0.7286097525083436,0.1402787624882238,0.2311764781062242,0.8137322460084419,0.3187327106476425,0.1011596588286227,0.7588368838923101
0.2541381081281822,0.4774263942967496,0.0525845072881003,0.3848748944515874,0.0028304022125209,0.6337073684542547,0.4534412372829599,6.669676343395992e-05,0.3736987322263687
0.3729732157937054,0.6479547901738016,0.89606045185331,0.6785774690058233,0.4762266455729141,0.4694625288992775,0.7566433443605478,0.4632092533531141,0.3181780547485391
0.2829103558439496,0.3743917313137653,0.1760267636978173,0.2264118191640924,0.7010010401701108,0.810139324176747,0.9938712392137672,0.9942470026366018,0.5632253649230061
0.5917541780621768,0.4178665504408755,0.6652407489704159,0.3208130974175791,0.3411488045350251,0.0631741913385027,0.201146214659035,0.6906382259649054,0.5284528308925799
0.7521031935759646,0.6823728277637179,0.1689317476788594,0.7805009294805759,0.4664019222497573,0.6057582185725554,0.3410651861844677,0.2443603797987443,0.8227650383910263
0.2355732320685094,0.698144318588822,0.1733547701140173,0.0050205384498397,0.6954387082111169,0.4105734132287931,0.5034244266599985,0.930861880090299,0.7813906807304997
0.9986975674911084,0.3838655258975191,0.1525709487483738,0.2075355527557685,0.0742339889712879,0.1074797617791158,0.3158425490852178,0.4126715728685971,0.4463663879583528
0.7440810916661993,0.962138829855879,0.0537167130460182,0.2444428604700721,0.3621283583576263,0.7055270970905786,0.8884780958984692,0.7511626484017234,0.6350335482969524
0.1452349980370346,0.282555176753174,0.6647110817392232,0.6343176201909498,0.4989747320024057,0.4736749249357677,0.0374479930814376,0.429677456230869,0.7926721977501726
0.2422356388895818,0.7113478823335901,0.0174548942993982,0.8490154274845098,0.3521752711687356,0.1162596611422007,0.2804593159736329,0.959582566060162,0.2285613209183573
0.6189644593336846,0.5749876131981272,0.1018973069970504,0.1396123561305911,0.7596092904767351,0.0253850777166372,0.9934384623251084,0.4098663159516184,0.2304392687588713
0.8799897620488066,0.6157400612815049,0.4790587500803092,0.195984739226016,0.6603454132616933,0.460632302295281,0.6705893499967935,0.0152020375247091,0.2922925027506821
0.8081490053159485,0.8754946851099444,0.0790979645258673,0.8758533299033662,0.1575002195152147,0.338256540313177,0.2450083394409019,0.6638691631922444,0.3080155180837192
0.7480698574391829,0.1022627434446296,0.6433204987457869,0.4815915396144939,0.256141788090712,0.6619998658673611,0.4579233333944005,0.4978786672343359,0.6701733778623974
0.5505243122030292,0.9743562031909924,0.8827133474366585,0.7801954814748849,0.3333817100548767,0.0244168900879686,0.8223835902279327,0.7644873998232886,0.7326049053262204
0.7233179657565175,0.2974074269498377,0.836907917504749,0.2571147765012308,0.1872970737121094,0.7841437423825631,0.3734514759350176,0.4747867602408439,0.7928789503233232
0.078735738506519,0.455604540395553,0.3742370991953663,0.7926144815102365,0.7178057515668183,0.2572578912724679,0.5127188519816229,0.7587108751840376,0.6924247228397674
0.5727672178771346,0.0356601163925208,0.5681836819190274,0.2760347871339875,0.9901767650678036,0.7510873299192181,0.9343226642292336,0.8030343836236578,0.0634559265095315
0.3216086489870229,0.7580405778947019,0.3907563531359911,0.6345703263562998,0.5745361575515044,0.0636044175636385,0.2912414051264412,0.838906347793556,0.6421082292027414
0.7266847948369264,0.6943478308528468,0.1354490137492597,0.1165736500755412,0.5062141693830093,0.2252168544090707,0.116270874351091,0.2432141277768584,0.3764794171455766
0.7128804056911329,0.8016517863931134,0.5447027489665611,0.8654795071334153,0.939788721049811,0.8493894780960546,0.8723611267860855,0.9290938638237204,0.3356265960759049
0.4622750360764754,0.0790438222618576,0.9533362758929184,0.2951680396294006,0.752933088754418,0.2917872177362463,0.6272588666309582,0.1294865384374895,0.6799043126535365
0.8932417136641402,0.4605200912590064,0.3096112581334475,0.315582695939372,0.9861484964460066,0.165138264353311,0.8850045907686249,0.8459890122694469,0.0704733624785551
0.9111302256716802,0.3048482155648513,0.5725175523595727,0.4277789592799478,0.9623377112455188,0.4141203794053073,0.070478304963006,0.1984733593239321,0.2737066232412664
0.6051152322104273,0.9197437013452672,0.7388899986663245,0.369985477826967,0.2394758234112451,0.5507420256618808,0.0500095205851548,0.3102428480634193,0.1157205802753328
0.6558192833865019,0.1914598717319606,0.908370362678938,0.7991200579623062,0.0026224930332657,0.7393353994101939,0.5886092191063489,0.5628135856409162,0.2479440049140335
0.29634590854367,0.3456823642805594,0.4324149950691035,0.7351072164933368,0.0621174529255399,0.2048846139231925,0.3839793752660524,0.4652665621714675,0.4765824992638908
0.5406116522172093,0.2425082952275535,0.1356723774587291,0.0275093771853338,0.9297526926746552,0.2161217515474701,0.8213793451941145,0.5740856545554731,0.06631007104876
0.5143071391664106,0.7009773182968504,0.7272943810212996,0.6469964116573887,0.9618219303060122,0.8829414265568014,0.1608026400551065,0.4563973489225114,0.0341203777610814
0.7612788402408311,0.9883014883130856,0.8720833121305901,0.6048561706321007,0.0289449106943048,0.5986760042004219,0.2842400046484534,0.8685650886108981,0.3927126370390233
0.9592373830591854,0.0458322144619128,0.9242288047022352,0.9273817365710406,0.740547274808314,0.1388144784627105,0.4863497560830991,0.3953358120364139,0.5010881002883069
0.8558395617562398,0.3619155666454874,0.085684992255503,0.9976128686518574,0.877286428569175,0.3960508569062464,0.0766646355095534,0.9954419899775718,0.5256241592713445
0.0398070846748163,0.5183488168654137,0.4078613315162471,0.8281534984340084,0.6498030928589734,0.4871669370119388,0.169881318910106,0.3717997438452768,0.7559885136182332
0.618758727258857,0.4633526714531362,0.9763241739216744,0.8787400619951328,0.2656821313640497,0.5713463727417499,0.0822049713619682,0.2115470763673026,0.682584106349416
0.2159088551256273,0.5119218397979981,0.0183161032994269,0.7611365914484466,0.0022824767477256,0.3888649129242408,0.7824646504623958,0.5217341855441898,0.5109642095595259
0.2705311227512108,0.9779857392302936,0.6226618996181603,0.8704981076866041,0.7063726813734551,0.1135512702844465,0.4135895699555368,0.806019975914458,0.6549054462610516
0.9803110236816388,0.8041250689452569,0.9147694032160606,0.1118522441584659,0.939857733506168,0.7108016057347223,0.9783050993476164,0.1456931855340503,0.0205773844368558
0.2919533990304163,0.8024476612287805,0.1943496457955333,0.332149829122461,0.896262468485315,0.3089413701801771,0.4217661932484497,0.2434110079653938,0.2970909877926546
0.5185845670605113,0.2701749573875031,0.7333542928118939,0.6611022660132436,0.0847729359316749,0.680173199422065,0.2980236373445137,0.4076094876760181,0.0698281640342775
0.6114121365356708,0.3767961404329462,0.8566581202427647,0.1874642957939011,0.0807566279344755,0.3460348254223645,0.9537371699223216,0.4510007128901077,0.7944192450152607
0.1704930681804561,0.6360348151999764,0.1149060670015477,0.2856703865913995,0.4653992861092935,0.3001751630515377,0.8928033829418712,0.4393348719831507,0.8377651424209899
0.1411052087742155,0.3526548693307857,0.3580288358996977,0.6065669308045467,0.7510148136016368,0.7595297263072041,0.7010256834394005,0.8921749879482113,0.2034210902291786
0.4786076323482469,0.8433349843704364,0.56145827474609,0.9786336595438389,0.1379477262924094,0.3636080241790723,0.9281071452313842,0.0608674313257919,0.9360841911215227
0.3812132559768278,0.7311673509952638,0.291034989900488,0.4154676497642355,0.6360045551699561,0.7507866430968668,0.0615956649276866,0.09398980236577,0.3670503136212492
0.8149721991373372,0.7842385922077072,0.3571805841435083,0.3408431450644885,0.7821105537866975,0.3778480052942999,0.1552869638359915,0.3695824347348163,0.0351970555416052
0.1294205816534624,0.0529792052523298,0.960166602397488,0.6565078025784089,0.8686624105731554,0.8787896843064664,0.7186866459012513,0.5257603974191608,0.1234068308340941
0.1411921290724515,0.8323033969133583,0.0825235680347177,0.2285327898450802,0.6547636243212708,0.3442174612410992,0.2434353772914614,0.0720262776406146,0.2652302079382357
0.3416761982909725,0.3632015114706246,0.4434656465605998,0.9202825581625952,0.0244493938114732,0.237722840155316,0.2805095240555737,0.1379117217583131,0.7565114381927479
0.2988959691191655,0.9080843016480036,0.6623437345530206,0.7119330685958105,0.3797689025054863,0.7926344675342406,0.9842452973687512,0.443827103023596,0.5671695931827584
0.7908657498561423,0.5066943781748376,0.6474201525862097,0.576048047397615,0.5245815974074577,0.7382977234105763,0.1864090645994295,0.5985410728086481,0.4419529665041011
0.2336916743775516,0.2849188792804786,0.7644074376177588,0.4315668478448807,0.445158573877041,0.0388673411157414,0.8710480838598527,0.0830636969648803,0.1028829692350806
0.9099995237910604,0.5589966250484755,0.1186991614838042,0.2164020250917271,0.6569457085985231,0.3946456191775999,0.1618296205239457,0.8830042647157078,0.359727179636756
0.7066119451845978,0.2725446333571653,0.6217191932945612,0.9240103611706116,0.6880711386244571,0.2081582139365442,0.414367175220321,0.2507057749800483,0.9260522562557436
0.9865468439129332,0.589804985669718,0.0155576399142809,0.0392528834305604,0.5145363256429835,0.0715085175357079,0.1935426836184938,0.7101080208438623,0.0049194534038853
0.1750527878223995,0.9102452468661308,0.7307699260025157,0.2671328253572215,0.0666470434017234,0.2026136081644413,0.0143586344861034,0.4099727061055597,0.2566158824036865
0.0033897270138951,0.1592719128405526,0.1703233100702725,0.177510581249178,0.5695314015799214,0.9877877574990788,0.1402295742096845,0.5931381213986666,0.3795070572754911
0.4390521392393278,0.340919985764477,0.9405978096976364,0.5422777743932335,0.5487799284409071,0.5981488127283711,0.5798858013412778,0.8596057555525155,0.2023404842215778
0.7514833420244641,0.4097741845151385,0.1976640967642245,0.6904889743225071,0.7393914823187729,0.9374582265013022,0.093680466467662,0.2595857054013116,0.4413266807484778
0.1420794122241412,0.6589647386894146,0.1796730238094325,0.5056932390016566,0.1123594618191131,0.8196732437265372,0.7767468498946327,0.6148761717394068,0.8466315335511878
0.8461305044791481,0.3415448235300048,0.3794235350424015,0.2060321438793795,0.0539840029873153,0.4360729469428843,0.3364051519366317,0.0528210673179625,0.8822571716894948
0.7783640918277347,0.966819061081718,0.6673150490868975,0.4422559680990808,0.7058700391228647,0.5151795590069889,0.9090073502697936,0.7384494499231175,0.1971267530028024
0.4531196142566067,0.0689641941955491,0.9868825117935875,0.892760028269111,0.3549813231185106,0.1739488028883725,0.1187657321080836,0.194552121286235,0.336576956584065
0.413997880514944,0.1596042445207067,0.2682732570560348,0.9326297349380288,0.9661312875577888,0.5000666031387108,0.7629932651454224,0.8186186247559433,0.6913650489843587
0.9656641044429224,0.1539223409450212,0.3152255102356329,0.9839702259444804,0.939060188030577,0.6754919721160666,0.791278106046483,0.5539078326692791,0.1326012360327292
0.5084995040857235,0.4826794891152782,0.7974091803123969,0.2425761112200899,0.2915859653418728,0.7926186405890776,0.1063256153742545,0.9052072950879932,0.79836278441253
0.9575776875777484,0.289344595345497,0.4850586333389679,0.3453211263353082,0.0590743975852925,0.4647759607935179,0.4033386304959334,0.9672275115210218,0.5141859511065094
0.4252463963664149,0.8004815309964525,0.7682270673004246,0.1378571472455586,0.6218608899663175,0.3489276675464867,0.1725744802255739,0.411629881055368,0.5802254969299372
0.7094493410804718,0.1691901989945243,0.4252053122064643,0.0005643627891283,0.1246790975177042,0.998839992668358,0.3530318034472296,0.6956052900747154,0.9697055026948882
0.7023427764251219,0.2301333793725062,0.6516776940787696,0.4474076796204939,0.5872447516864102,0.3428112848841015,0.245017588572023,0.646437439305914,0.2220840761330017
0.1329141151969782,0.0429286605357106,0.2688971975379631,0.7161205330134843,0.4208697273226953,0.3461228310216796,0.2646743634152123,0.4637950720687498,0.3499377360127921
0.1282845301111647,0.8982831125568559,0.180274771270101,0.4647975097539687,0.6280800927263548,0.4105260126970566,0.9593067356726038,0.7009365155870537,0.5515010484657858
0.6657737621059229,0.0230201963218295,0.949922951064796,0.1529226266461827,0.7800697080483986,0.0814244415684873,0.5023265091627733,0.4708479223128107,0.9128365309806756
0.067256295125929,0.8488917746420862,0.7006843207378616,0.5161178080381587,0.1121534688676412,0.881803946315483,0.7696419535518003,0.2581509017512623,0.7550593805880991
0.4600450391435726,0.2382232513628208,0.4199797721358527,0.4930314956197272,0.3996110280493842,0.8792793379159303,0.0376393547600331,0.328010231100957,0.8163593783896913
0.2579610481880943,0.2139772472278591,0.240255187403131,0.0609652347107785,0.9708420365863748,0.4315468868334828,0.7412344833158441,0.4787432532897058,0.0884941309771574
0.4659257248129006,0.4866183827256924,0.5173757898145297,0.8693242501209242,0.4605060966311034,0.6390931805538396,0.1003441976241469,0.5397498205747884,0.3296185139198296
0.8042449025345971,0.1632525522490796,0.1666486882761986,0.1242454095974863,0.1970877056689194,0.4650112307708707,0.4633078518985334,0.513127254178943,0.6781676415545905
0.5682199217940779,0.6376858064923157,0.0032419705380271,0.360477422921183,0.9857183363753346,0.8662630177613326,0.1369854678111892,0.9742883167714615,0.6329954221753467
0.6914369741156321,0.5192827436593767,0.4377834657634925,0.4555668506890744,0.1478136953218687,0.1521842236704972,0.6921048993599616,0.6046117742493409,0.1264989153730497
0.5296273184133049,0.6001205861460691,0.661924440161002,0.048903939374818,0.3804941572208827,0.7911444759311725,0.7881738102566214,0.8540428831960262,0.9732587631966588
0.1641732148814142,0.3734771831770748,0.8291714731029028,0.2626726540613269,0.1492288771869785,0.2719598483582801,0.9550691850408012,0.9078421902961517,0.3112538899522035
0.894704792563784,0.6102717354554006,0.681691338551928,0.730376696866472,0.288604451111161,0.6687836947481837,0.4610980915303059,0.2308668367359893,0.4438537346062253
0.0638489236262769,0.0314775510340511,0.4897597786768036,0.1459155164210521,0.1000208973516746,0.7721082985790574,0.1211886934975037,0.1922956141262622,0.2354497084643363
0.0976312349996296,0.676522178437104,0.6898062739552565,0.2484180394912323,0.2239681811591045,0.1472184558655838,0.0249492828831949,0.4768628189982393,0.7144654271721743
0.788294221172146,0.6648628415635022,0.1575955202145612,0.1329986894263212,0.3974622696221201,0.0128029721646426,0.1375168542147278,0.7367425754165172,0.9894656995055628
0.2343824467058124,0.974172165931888,0.4074500485977892,0.8033668819651656,0.8609069496731888,0.7603588694503274,0.30998612671419,0.1011331018069044,0.0800330264754023
0.0573227151366295,0.1945256065935617,0.1317195594800196,0.113493601003226,0.1137537273321933,0.3586032315490974,0.3275810465045305,0.8001460932119039,0.1621998313998042
0.3752724041309082,0.38429092112049,0.5098239866461912,0.1125640295037964,0.5686552540364864,0.2618773278790154,0.7517958005497415,0.7780028208048312,0.3928518355269921
0.8201472761993223,0.3004756868953409,0.8208128735509469,0.0016976278687514,0.4059441439124532,0.5113449535802271,0.7556033860019703,0.8816709613150492,0.673968544432891
0.6804029658916899,0.739260924669002,0.5214255911755128,0.7588250865568914,0.5430850200110287,0.5482783161769801,0.1510070457635841,0.7484602937624579,0.1490948714583414
0.7643602998472768,0.7958068021377783,0.8534653899657053,0.3426547026139604,0.3614910676445959,0.8044961642415009,0.6469044435261362,0.076604329923299,0.0926023804866795
0.7630659560552598,0.8024458443592156,0.282448182708795,0.5324806581553164,0.9099560134893284,0.8903991212958019,0.4170951962440227,0.4211225446547673,0.1710901262695966
0.3422002257660997,0.0340719219352142,0.9878829667364956,0.8948768403611713,0.9141592324508692,0.0407956649510917,0.06708436777147,0.4088780676503281,0.0777342822542891
0.025429469776284,0.4596048505434266,0.8517954528976166,0.0779638272131544,0.5715898966442984,0.705957042273595,0.1024518846163415,0.694894114113578,0.2697689410842601
0.0435774214625217,0.0753752135212546,0.9488109076445848,0.028985327879434,0.0448350419284467,0.4878573155230803,0.4847664173854739,0.4389088003534994,0.1567742425933715
0.4835253952675019,0.713113503917016,0.1931889706016238,0.7838074059272038,0.2958833713824849,0.8223377016919948,0.324783980195879,0.5057742647245289,0.488859241700629
0.1322814282661509,0.9163042802448812,0.1246356380446953,0.5563398634595499,0.5202558691363647,0.5829692097955105,0.7705680847455129,0.935366386290628,0.6819188794969911
0.6577738706151784,0.662013236135765,0.966369348161156,0.1060288924083177,0.3179260884129454,0.3983759079844482,0.9698125551132964,0.8185662604093247,0.959179628370782
0.1134428073495101,0.1074415080175582,0.512588702067061,0.3803918568679199,0.7613557671286079,0.912978533582866,0.7778536564124283,0.2296106951119496,0.4150662323507285
0.365104749063698,0.5497926754881176,0.1895135069317736,0.0606883962281569,0.2545685329079067,0.2505132790068191,0.9045078939019447,0.222649320150844,0.8023920761220614
0.2279936375926162,0.4400603525525162,0.0218187631964189,0.0270677608998253,0.2467458628055937,0.5229141861271646,0.0152583137664283,0.1324617136153449,0.2463081805703947
0.4784471374387659,0.632849658637658,0.0124042732782536,0.7566592977760072,0.869115423241701,0.9170416853439444,0.6344883082313034,0.6621009487215802,0.6664141290203167
0.0100944155507497,0.7663612640084018,0.8263463499249715,0.0470107098354047,0.3493729112371287,0.833810649749255,0.1785929294689361,0.1335183081343575,0.0036834894044294
0.0324682141885362,0.6437276145247576,0.4422932387567808,0.6746267070598626,0.2404495248545366,0.719674583744084,0.7410052532510152,0.4281961813300169,0.5748250573757414
0.6357284166619578,0.4863449741521782,0.9875261226097688,0.5813830764434172,0.914993249103246,0.1999870864577367,0.3382549780584372,0.9062066868728756,0.5148659422763109
0.4802815371267955,0.9474118148035646,0.515482210171267,0.8302045774108546,0.2708675452159562,0.7628861238528062,0.4235973521836296,0.500319864436472,0.3403225804180007
0.7885694155733874,0.5691753117980107,0.1989522719465093,0.9012766304747162,0.3574399214007941,0.2054738743907449,0.2647593524453582,0.4202055016984813,0.4904413776934387
0.7911311144522158,0.2582303840757897,0.0060575059350245,0.2285589601664637,0.2268485378432742,0.0893752049111221,0.985382179564252,0.4740036267921651,0.9360660019847836
0.3363935354641264,0.3869087505293961,0.840387267538848,0.1391111375268153,0.8132716663061091,0.1306566677290083,0.1499597572138238,0.1362949786306088,0.761375760318319
0.6169313626053754,0.5531638962461625,0.9355215373204449,0.8124761171602365,0.2821857794094091,0.1483819428130957,0.1271038786928302,0.5477169327657214,0.8946293527448229
0.3371275358182892,0.667316690093212,0.0501900355530103,0.4193571264408658,0.4326747700336784,0.656391047832889,0.6755625156103958,0.0075908022332994,0.0843693912352382
0.0789810660108708,0.8784164023416965,0.7525814001389246,0.2841096114537963,0.4174092850010631,0.7575174232827565,0.6313856675229861,0.9841627101936632,0.2717631418584768
0.2340287430809347,0.5386597411257726,0.5106230040057395,0.8099010571612338,0.2227829729236718,0.4937660248000881,0.6859773654915174,0.7835075890306008,0.216438163070698
0.3351683556311188,0.4932574706725022,0.6427648134042594,0.951126605781588,0.0651425367700851,0.0319297520720278,0.8056037097440931,0.2795186807606948,0.259108330150931
0.7211574695562432,0.851377974846367,0.9346488288872764,0.9238539099606554,0.1847951013297668,0.1112345659150083,0.2541094577091962,0.9320140863877824,0.3082186839896383
0.1533827806563464,0.0004888295081091,0.2396682930770055,0.0744400338368752,0.120743698660147,0.4037017910927024,0.0554468258624279,0.0869410849892855,0.912590111802546
0.843830935115034,0.5980665168025314,0.173304463827108,0.0321960109347332,0.6466996095427585,0.4239178945416659,0.9642964733988384,0.7133131751229758,0.8077182599697711
0.8524936073911757,0.0331190650762227,0.1220481251505253,0.1567527358774769,0.7395574445518232,0.10466377207012,0.4727372677609934,0.181306732335012,0.6761491028624322
0.316509536475378,0.3020303466078535,0.1726190886914297,0.8240360668436956,0.6226267675272261,0.7621852782167877,0.7404127668752303,0.4871007340278342,0.2022381263803085
0.544535488418586,0.3931162096647915,0.4114840980556766,0.0247329894455224,0.7773079880799999,0.5324345550925673,0.8676968962397528,0.5719139501275149,0.0114082015694407
0.4989789712981878,0.7859400518007966,0.0010292411481337,0.085917165345713,0.0875616042966691,0.9872029983676236,0.1196248270873876,0.4942801081070894,0.536586612858475
0.6143144644016172,0.0800474689922902,0.0417037869004324,0.2975064711376555,0.9140236914227272,0.2489723837361576,0.4690739644957798,0.057174686527713,0.6921952131392697
0.337977775099625,0.41871152620437,0.6510230026513052,0.868096169572222,0.5512820262998078,0.1749513412632056,0.5335791257742687,0.3238474852354214,0.9293063633164296
0.6107380994981606,0.5515283900790705,0.1506726936262914,0.9274591480645086,0.9710545119937084,0.4262680246819772,0.3872979202779297,0.7310696877571017,0.1437682398767695
0.9248251456191152,0.7754059499864285,0.6940472470840477,0.0817737145958362,0.1217184100801632,0.6646873399579931,0.4131899861866872,0.6981039734074828,0.8162091835775419
0.2856092294993954,0.4084509706024702,0.0293447364434447,0.3905045130954115,0.7081881242371191,0.2282052574927281,0.9883630418954048,0.6349027946252691,0.6375410991280015
0.4442369429665488,0.8821677478835529,0.8072948706319005,0.0895250105624039,0.8994349790136703,0.9107443379365204,0.8213066108877861,0.4522424012774361,0.7411852086753717
0.0411609081388746,0.4793150941168093,0.608974078571691,0.4264754549228158,0.055742965067328,0.9102622103057048,0.8534893388155673,0.0374976716892739,0.9577626582220664
0.9645869563657375,0.4889115243718491,0.1963264075312758,0.1217788230354682,0.6654765431274484,0.6588717737965037,0.1432311864823344,0.4503998923782244,0.6348843429931491
0.5624957493845882,0.6684939284230778,0.6818735179418256,0.0741853808528715,0.0818408756147881,0.977783765838537,0.0876457010804854,0.9508735282149372,0.4558106004907405
0.0024161018144304,0.230085890398258,0.0006479666545459,0.9308232873291512,0.1018442008782232,0.5131379190946904,0.6220844285577456,0.6363431418740422,0.6263535430342375
0.8695947309054701,0.9509701271280212,0.039082908816765,0.6048831602548008,0.6431770932461287,0.059919792423282,0.8680179557754227,0.8724052626882041,0.5094824390646644
0.9211545823759938,0.2331302565592456,0.7352326467818775,0.8399190114894756,0.178876112483753,0.8907268570751186,0.1169971188840184,0.4301822353840829,0.2881803455644199
0.9213238635998088,0.2252292792355774,0.5010247915288774,0.8783179684762148,0.603919115266595,0.7779495492698631,0.950697784114215,0.5039847037445307,0.4594192787583618
0.834033845712923,0.3470902507297044,0.6994673987004564,0.4298067969876247,0.14845055497786,0.4376822707383694,0.8895358749004412,0.2510660167137368,0.8093898521279317
0.7069350454332658,0.4420315881963981,0.1873752225885268,0.4313993183925364,0.1116055584315829,0.0398393906636282,0.2078009916417349,0.1736172171351224,0.7289421895559949
0.7990437849269542,0.3888913920457599,0.8848234008509303,0.4457995508227179,0.4078048063519419,0.0038495581659938,0.5201563454578618,0.2879134431466029,0.6458098836845371
0.7000923000899201,0.3080385126238123,0.1331174938079137,0.8393341573338922,0.4330713874595756,0.8023824988633507,0.4196133782982206,0.4059554289749191,0.7226820030669692
0.7834533419460625,0.3550595051917937,0.2665040920953113,0.789252284681314,0.0901580968562505,0.4513806038244514,0.5899742898311646,0.6043515719416352,0.8997610844790522
0.9492955547403548,0.3097663743583607,0.0524878781470772,0.3040282069928659,0.9318688713398912,0.0465625192385275,0.1710660358098908,0.6367412082632872,0.6217815986559279
0.1341750482008339,0.2867624598842877,0.1256216557219338,0.4240791387776383,0.3377713028997771,0.7374224949780585,0.5699416184077698,0.8681455463764677,0.8415309703285182
0.4891567901923488,0.3115770515180365,0.3172291229852799,0.3415090233974077,0.8890577838729012,0.869701570440498,0.1983939200295685,0.0497734751909271,0.1424278139645755
0.413869682207309,0.9169441516098504,0.8122046404982308,0.0909974595247519,0.6378313103239137,0.9345415918022382,0.0257247072530966,0.0929579356873511,0.7865981893427784
0.8838231865856185,0.5620276691391355,0.6555721507832254,0.2311864182774148,0.284693370725212,0.5698578593862282,0.0173471213095567,0.7745167992487815,0.579878621605336
0.771620627501578,0.8485041246021847,0.922472694193204,0.2201620628622376,0.6398671287547384,0.3138548509943295,0.1764383015246216,0.1167737348629933,0.3779809045963598
0.7019611645634781,0.9577704889876808,0.8019543779605391,0.3495942512169103,0.339733680913324,0.962650222036872,0.668919921711999,0.9555570038132482,0.1657794123397071
0.2160074845143232,0.9056895433807024,0.491413830072281,0.1737321664925543,0.344578000260346,0.4178805055113884,0.3755026072341068,0.8849718513311672,0.5270524788179327
0.3071777490547537,0.0199420287030713,0.8416187976518228,0.1472970125677667,0.0945660665956659,0.5564362702261378,0.1053608816476044,0.6643358326881675,0.5252355478175691
0.1442322586496083,0.5250410314229743,0.5287069449782105,0.948968970873102,0.53309442491855,0.2990950453715962,0.3891908958331359,0.7383743785309542,0.3064500273824219
0.7108521628711525,0.0737192682365215,0.8243055246158648,0.4387744825626625,0.6107456694103331,0.6035197669481615,0.9218829986024186,0.4338179206102259,0.5396328078231427
0.0074718672145211,0.467468329095838,0.727690388220878,0.5658383586248446,0.2419007670082532,0.8913409033114623,0.4561026196740791,0.2644672725385879,0.6512566063511498
0.1915837454428004,0.134854124905514,0.7383403112178918,0.972261853002288,0.6875519855054244,0.8347519184666558,0.7513361218618032,0.0841975749042235,0.8522303047091719
0.4288926644188684,0.6330489732515532,0.7316376224992364,0.225851915941966,0.5446565426959723,0.6120676527646349,0.5212185381640778,0.5885889796406074,0.4234834113570879
0.2719187378617168,0.987876710273768,0.2899690049835092,0.7839385151537235,0.689036628724217,0.0519947708485558,0.2336095209463079,0.7799837752605723,0.8702980064076912
0.7192702326047123,0.5111649642999502,0.0798937946966741,0.1682068306065482,0.7032720968516405,0.8554310824251706,0.5837289066562361,0.7151981489774712,0.8661684053693943
0.3502682026506659,0.59576203107564,0.7562796979907213,0.0659824261450983,0.866225439431927,0.9637804479523648,0.7140462546564863,0.6708787427810347,0.8009527069151545
0.6258862920596774,0.2128098726023143,0.4011519498579912,0.5562346024412398,0.0896462637636703,0.8784340167612907,0.5757533342271991,0.1266192972340285,0.0338787005252679
0.8268588796679215,0.0314695514007824,0.2119528108092815,0.3129445664975282,0.7369019288823166,0.1547772936243636,0.324075848054337,0.962486747534822,0.7332035939354028
0.3600309353697409,0.4916168632628825,0.7839777144196148,0.9115106487452114,0.8835985754531732,0.2861567423236313,0.6563903011952437,0.4048275565537839,0.5255704014785876
0.5487545130412846,0.3975642498625086,0.2000507673409634,0.2137992895911964,0.2467722359905509,0.628429625540124,0.2282470088998993,0.993984777176782,0.2294509545688288
0.0819015126342147,0.0081614145341253,0.3565847092897273,0.8523056971237234,0.3569368601636767,0.3102897490425705,0.735482598938099,0.957247259684544,0.6446367907780652
0.6933742723660125,0.9520625717768356,0.5789702593941083,0.8190660760259989,0.8388735770078307,0.0666531099996253,0.1964015075116897,0.8472961122666132,0.0043908824407716
0.4666622693139139,0.7741191917896612,0.4925795178283042,0.4860095162495734,0.0479191340413835,0.4004520048308408,0.8485712460559814,0.2362820608347697,0.4303170547407731
0.4819756154422887,0.2641746574659819,0.374147650554957,0.3469998307755998,0.6542164710469461,0.1758701362039595,0.9779404132674518,0.0978348323471361,0.3093516317389527
0.1632208158587836,0.6977391112283092,0.884797071994416,0.7185290006921579,0.1622956196383701,0.3722123460171768,0.7909038423132182,0.6067133980248418,0.1049692651399892
0.4179288665577237,0.8815831026792041,0.5909149635899053,0.576210268415481,0.3276384819241186,0.1090510670667425,0.2741059114962166,0.7939700093574283,0.4288275084501265
0.6335235151980777,0.5763553853491389,0.0940495893465508,0.5093130844028954,0.6007516207915397,0.294974151604163,0.4100150573202625,0.0693952728071408,0.6061042979753755
0.80995378105576,0.7848405585953142,0.7854057860340009,0.1653936510142037,0.0225156927580812,0.0786908468860576,0.3786750607281186,0.4826498254338168,0.04702520640305
0.380285742376919,0.5210890812099984,0.1031346967929759,0.1938707124543062,0.0769926898961914,0.5275969431864964,0.601682253958547,0.0420692097645328,0.8876009336998945
0.683913597617106,0.0925398594341916,0.6791008507074399,0.0290563946527684,0.6259593740331191,0.4341967789332275,0.837963931459844,0.2173937469741326,0.5071288196527577
0.5259600980347133,0.8456277472522233,0.3020585701710333,0.4055126085400278,0.9587173751071978,0.3740603167490396,0.7547295961133628,0.4970210662138948,0.7481118065611013
0.9899087702302476,0.5779904500021154,0.1992505099820168,0.4515374022945742,0.2534134675252065,0.2312038525713952,0.5121726946608488,0.9753872068375808,0.8222273871619772
0.2890628336558019,0.9267854805595936,0.5428264904194132,0.8007974964834202,0.7445446956418484,0.81276315377452,0.9139860282205896,0.1235978055813815,0.9901956950789051
0.3835038683861771,0.4519086972572314,0.6388705603879583,0.128388033306694,0.8705743531783873,0.65921690077562,0.4871927908860153,0.7807095017619494,0.6011649637829636
0.2866286476873736,0.1467364497653174,0.2992231272723656,0.8016857118229708,0.9361257147072984,0.110178716983911,0.1869417551615723,0.3401171611599159,0.5879100953217598
0.98596442978863,0.3717113450667385,0.1578723726693512,0.4279806211978343,0.1210565137800235,0.4257661141292492,0.8796711483941718,0.6119440368396326,0.8630604319390656
0.2111469094883304,0.1312208179415608,0.905401609584392,0.8221281138983849,0.3390253423078102,0.5608473583725622,0.3531292524655287,0.1133532629816714,0.8435830439734983
0.8823451888035763,0.1977788370057016,0.9670488541266994,0.3928409589689983,0.0568473444756018,0.6042676167469909,0.9854141315779564,0.3222597841547734,0.6617220552570531
0.0039635987841398,0.7170703117683626,0.8148476676007792,0.5767127850565508,0.9216993729299994,0.7187471189839737,0.3026859887135911,0.5533038119764224,0.3915046156667188
0.2629342046521751,0.6039636218752968,0.7758976741915414,0.6711252191585892,0.511656478635531,0.5502106474459115,0.4888178440946413,0.0461391132237778,0.9338518599027804
0.093898577616054,0.8998220117896318,0.2976187505616209,0.8297351923503072,0.7675426156551254,0.7717288272170001,0.0755617434565317,0.8400756296308796,0.482655812675537
0.2624347858203589,0.9284330583084844,0.1586109056331797,0.290277371111076,0.2322653229881095,0.184003628368467,0.1372094263261081,0.1226903687058857,0.6450883327423972
0.1876127332573008,0.30428971970573,0.0549456924551901,0.3654905712705167,0.4796314111531679,0.717950727663722,0.7974757938033331,0.2160342193075484,0.8390521719662001
0.3686973348460871,0.4437156792011425,0.3624346514098072,0.5694627955166182,0.4008617875220946,0.267537526339543,0.5113468324925607,0.7196514681594344,0.0956462480819344
0.7939496841877386,0.8960113506987702,0.98517292067161,0.4635596405909282,0.9008749762878,0.2384237657786859,0.5659733884451996,0.7222728742523772,0.1207312492851075
0.9356188092132056,0.5281458497455852,0.5938580442844272,0.4773864469861717,0.6208463993784634,0.1074311470258743,0.8327568825139973,0.4917523282274247,0.0062605665097684
0.8522024782095671,0.5937978367666641,0.168541073165818,0.6585718681953718,0.2241747762593199,0.2686132510553987,0.4352022732138306,0.8584908741339402,0.7104093640974599
0.0708788186227313,0.1952836332367695,0.1614668351612277,0.6999214804125595,0.3699802441953956,0.191191145644222,0.1129470365658837,0.3495591806748942,0.5004290154381615
0.1805195071419103,0.2453309456842255,0.9925679302176634,0.9561728825552848,0.4139985249580062,0.0680923308042087,0.5765133687186691,0.1001505620605884,0.9597624348157364
0.6773615142692019,0.7270468050741486,0.4799280412559157,0.2091036246571452,0.3878787391312002,0.5519493061558366,0.1789302779907789,0.5605376308178063,0.4929902502125589
0.6166088253012778,0.7982554842356605,0.6119710327419814,0.687466610537614,0.403131090286379,0.1972860302856477,0.8559202557837411,0.2508686064107479,0.602313168709266
0.2191915515083163,0.6176016126172947,0.9101926843452736,0.8219318657917767,0.6690156801347196,0.639387160347652,0.2371222997417762,0.8349375685386604,0.5549101172660252
0.9730627665929492,0.8426022318709182,0.8831728549675137,0.7694978047500274,0.1418336391686939,0.9503946674472424,0.675296941052179,0.5767199031308784,0.8212806246104517
0.8806341457229446,0.6729725901316882,0.9272549067100694,0.250778047715798,0.8706686465807056,0.7589413110823562,0.4819221775781391,0.621672341460016,0.6808203465440686
0.0080974241090993,0.9889371785685008,0.0808951413690239,0.9691671940769636,0.4690417117123411,0.8916052516991162,0.1152558701676084,0.1274633246420824,0.2160329073183242
0.9565086327868372,0.5058866385141296,0.0079618467477294,0.8532559329489652,0.9305289040793236,0.3308210488928269,0.0806070736823694,0.984220992791634,0.8947366163076937
0.9887077601637814,0.933447145674654,0.9082360696711016,0.713231989095,0.7814914807083717,0.2037736536741657,0.448234703190894,0.3451616858410059,0.9582572454900138
0.7394867537148728,0.1522135636846328,0.2626638537826633,0.5733230559605438,0.7189794417030141,0.8483935963629207,0.4360198832515789,0.0199730634856207,0.5109743348474706
0.4913867235033387,0.0783669335766352,0.2639348696054541,0.5672356967539647,0.849082246046893,0.8184041675127001,0.3879167114860464,0.1121149224588765,0.950068620683172
0.2461490513178511,0.0951646046315546,0.1794654071963641,0.1771953524252651,0.5475494936327034,0.5244662326243668,0.5901649495330287,0.9678616635442158,0.1229941176738856
0.2367870958807238,0.5702236894916026,0.6987224575676199,0.8267445296544984,0.962753116131423,0.999094077326266,0.312463173459044,0.9874137933712596,0.5669455266777294
0.6339479971894018,0.165032921406497,0.0834259148190631,0.9046957823306097,0.4846117038353995,0.0603946280093473,0.8072348943276418,0.2631256860822425,0.9475051958204668
0.6633748726670846,0.8440704617972213,0.7955428592297544,0.4087918825459697,0.0062848385624497,0.8631223375640971,0.1814534078507294,0.9501652194029756,0.1780915849464035
0.4321373094985932,0.6722712516164715,0.4414971094392211,0.920323618632328,0.2376622892909143,0.8798683456690514,0.9059556100604172,0.3707603105189156,0.1320906733401962
0.3252019938633901,0.861103595240384,0.7136013698297679,0.7140895043385433,0.8904799327756768,0.0854472606636908,0.3408245723111726,0.1400565521768291,0.4472235905681037
0.6626856727587291,0.0776768099522206,0.0358913323618635,0.8148746255499663,0.4109544596647558,0.5062195247790687,0.7095818066384968,0.5393910905728517,0.9164700065307948
0.2530819235590937,0.1968573399404488,0.8452553537374494,0.8330042479019757,0.6377054079110929,0.4266937691508068,0.7690608029097263,0.4830792265752622,0.600082164575929
0.9261224533020348,0.437297399014109,0.7456837259256536,0.335297713470096,0.2486150406548019,0.4740480550510345,0.4707886574252773,0.9532509556006616,0.8166968562446598
0.6931668769712542,0.3707823495595288,0.2700715666278001,0.2433028158807045,0.9751318202949548,0.4441303911764011,0.6518795663939908,0.5201793462608235,0.5513371298454713
0.9552908035563668,0.4654790786223057,0.7731136542541426,0.6138067308416957,0.3297739362877826,0.7711662546592941,0.487863936656545,0.5131138860022214,0.9680922374240022
0.728668763990791,0.2971624536981267,0.7904337541701757,0.6586754878640595,0.399052710342767,0.8723142405233402,0.7535557268680926,0.9122648805004344,0.1863051131194186
0.03858525947997,0.3135888065422192,0.50915310941541,0.1789562180832997,0.9206024352975196,0.9950969630687008,0.3489248374018182,0.6903669163539877,0.3818272314625313
0.3110339065517252,0.5135808650284676,0.7260630498299854,0.6970362438316563,0.7533063811737565,0.1617910425322775,0.7133608393682878,0.0093933041840719,0.6604934181971713
0.6797982240368434,0.1031944503446821,0.9546769807222346,0.2648627185040958,0.7786018659294778,0.2042048907753199,0.5363976305918738,0.6364696517823489,0.715739410950868
0.5542676336321947,0.2613370479842374,0.4462740692464995,0.9130878448128336,0.9294062165813588,0.1200005794354033,0.9507381069288802,0.7215417148185821,0.8549808250343701
0.2404558334077496,0.3933639692455773,0.4890639224388884,0.8877359903568075,0.7854111963043137,0.2689715629358112,0.1934236393113443,0.5659984585088615,0.633097451250332
0.2186891919198471,0.9609644353663932,0.4339518608257406,0.7640568823610852,0.6858936502795787,0.4702973883961528,0.658686862344065,0.3254192006724783,0.6872373701604079
0.6571867747493123,0.8360629161015982,0.8831593978082591,0.5756798236742222,0.0925288594960721,0.7430804649574472,0.9403568764720396,0.5808610235117071,0.085885349079198
0.9730935184022816,0.7821721238826995,0.5881594813918725,0.4580894507403451,0.8607646075747257,0.3089595115472888,0.0056198540819615,0.5636743227400028,0.1836980941345806
0.3855920857433258,0.9751948747314674,0.8363216752397234,0.0917525657901446,0.7429019743944207,0.4292705273310453,0.1220260325663865,0.2963866064512477,0.6185275514984824
0.0590280578614359,0.3388123766174667,0.5411168007574628,0.0734638511971922,0.6789878162012614,0.4162950534240957,0.4511715627920766,0.0801999670328403,0.5565746719038122
0.1816942737054963,0.5457487179152903,0.4698444013959433,0.7945085454267313,0.8764452790932876,0.216446695298153,0.5008517390956375,0.3298707069751044,0.3557177825555675
0.8607375633296803,0.0033122815402771,0.3815819422358059,0.1765214948076591,0.9029212215441212,0.777079442852997,0.2533890970192243,0.6318923230824234,0.1896480771791276
0.2687250511661982,0.5266807052735366,0.5627742238126818,0.5680367313196535,0.8672438357654633,0.3488080817375235,0.1645586521111248,0.499827182319898,0.6318932438751919
0.2817392835350959,0.2056998116807804,0.2440158113145046,0.777150538020896,0.960764437281244,0.7320740237679102,0.9827071824683148,0.5055541736479967,0.1920409574580786
0.9701221009899976,0.787162717917469,0.5873663325758133,0.1365307004779395,0.9867064397257554,0.9092075476426308,0.849484584285612,0.3018034550502704,0.9520374549596868
0.1189574937311784,0.8626999635255032,0.1010072106548343,0.7958972648380791,0.5445778402208337,0.8081009019697339,0.0669797570545311,0.5678776187789444,0.0975043422034339
0.6064038044331915,0.3174373401173542,0.0746285597580809,0.9981398900030044,0.3838449070506997,0.6965729935922297,0.8259715309430555,0.3186192296401586,0.1194207652012875
0.9562663179777608,0.7147449637468816,0.2080387387886503,0.3549700551281697,0.4454510695141433,0.9554124679748164,0.3433773964684108,0.4346219043494983,0.098624779588807
0.8964275450845145,0.385361741665649,0.0202782933417057,0.0770234743801709,0.0441876464846636,0.3911724775771104,0.289318189720351,0.1500381517440853,0.1290156930017429
0.6650939072287332,0.7265669095710355,0.3603467616569374,0.8541870904356457,0.1595377106280473,0.5712294705884616,0.3446137910688834,0.5532777880614848,0.110969487698364
0.8905700360260779,0.061300002705081,0.940079664978757,0.9375815814868648,0.8460288120590104,0.5421310385074561,0.7664912282476122,0.6599589265624194,0.4429467353125657
0.8246453157286054,0.319411021292513,0.3857693805287693,0.4330641099466229,0.8509321817154928,0.9735399068961456,0.0661313291487314,0.7585583851475753,0.6681929014000964
0.120543769181192,0.6655526948105605,0.6329742787943875,0.9511558592459848,0.5391603110334464,0.263008908820955,0.980506244386907,0.0368664034387913,0.2923179975641263
0.0376139862095041,0.1336460179430252,0.2467021731453194,0.7723642119164925,0.6607749686163809,0.0460258999132816,0.5826212684166204,0.2031529030388625,0.7312341397964996
0.3276639875294924,0.8379610568210236,0.1579148373352772,0.9327631156478842,0.1706252282411153,0.7824860820067718,0.3631347794633928,0.8502025212848863,0.7607377596314019
0.1724369687009174,0.0304229322477802,0.7864591992065797,0.4083425414276707,0.8679941796784885,0.0678037727655983,0.4536952260078783,0.4440865426567052,0.7799287087081068
0.7012747622956585,0.5269082201622655,0.322455719545206,0.0249755772873071,0.521540352944482,0.7655585760514689,0.3493132364648662,0.1640445249282413,0.943590519540844
0.5709047764282729,0.3829191586426393,0.066682847812411,0.4651446332538851,0.3257499564804138,0.0922826257056979,0.0455735166838104,0.1241196367768613,0.7892897393998899
0.718726495148433,0.5682191859142947,0.6123679639815649,0.3394390137453847,0.9032982028513298,0.3318885933856331,0.9400483471644914,0.8885659109101224,0.1338196904741726
0.5366022190445157,0.6724421433854949,0.985198457706172,0.1517845862453087,0.3963081238149153,0.3847817063091751,0.1250882391635104,0.8218206399888847,0.8727674041375263
0.1867483265117071,0.7700971529455917,0.8879819508413092,0.2806084433760297,0.3585756825125973,0.3970496484491801,0.6009196447875589,0.1588494313712274,0.0670777531336609
0.8100073925951161,0.2126554722180254,0.84582221182897,0.7704630757364104,0.5995004243046127,0.0260632397987974,0.7703254222743672,0.4926681988201988,0.8948296278026339
0.072434916437157,0.4023783070084697,0.4539074215267705,0.5061461218997567,0.6841305214549942,0.451564627694285,0.815001238142886,0.6362174581601768,0.99072497165203
0.6821781683200094,0.9199477140776904,0.2649961084392798,0.847810582490511,0.4026039955534141,0.4732784624789222,0.9916044150687142,0.331811974737692,0.2030759625368526
0.2052613933055675,0.9206439426476364,0.4931097755548509,0.8551284986792732,0.8238565498739742,0.5595570530558337,0.5591969717681496,0.4062793208086079,0.1602310880306253
0.3756496568823164,0.9633765756606444,0.9919857751851832,0.3719114577514929,0.0620541570270094,0.6074914278626081,0.5619614040382696,0.4969713413786834,0.8239575693479407
0.7806762629585106,0.886662529336359,0.5617231241200736,0.3119005900379696,0.7528935282373894,0.1220529303539839,0.3698416146875641,0.2698079015408463,0.9523028810399352
0.6330930617061211,0.4739101284071865,0.0034498725505719,0.8667170226344403,0.9245423364092604,0.9784952353060437,0.5074787779343598,0.4465838792947473,0.8462738340460548
0.9369930634012004,0.4834372658882111,0.4446117073813495,0.3777627814549632,0.2022852843978552,0.7594712645963658,0.1901014338860334,0.9150613960124356,0.1824543852876894
0.396556151630527,0.1350071248060652,0.8434252424020937,0.7235319609182422,0.9976549237366348,0.7479679390844288,0.6156764173080406,0.0187792167125455,0.3603055575040491
0.0760177752426359,0.3313087838941674,0.9457473931474826,0.1431085988031158,0.6170144973812095,0.9783411134255068,0.5260527820841926,0.8047107940712112,0.8110628988180443
0.4484311285999363,0.7398580603406297,0.8134843166749021,0.2634288808549108,0.3025701452228704,0.4136935907806215,0.6581970699114342,0.788857110836529,0.3567453836211289
0.5790255990075857,0.5921953592200215,0.7417765794435102,0.4397968802678936,0.7198214252971785,0.3081860983925892,0.3171283330996715,0.2757564765352771,0.2502730437274036
0.8459904492665135,0.1506741449914217,0.90386740954482,0.9019734521321134,0.9096559363195152,0.6162861359081263,0.1919538163650038,0.5202681118250174,0.6692948293918101
0.8691795164461084,0.4738873346732762,0.2531683701766312,0.3732013319398521,0.852362983470052,0.0266947851707602,0.4074299874497601,0.7522691410219741,0.3407182121962768
0.2758442838013354,0.818784952990631,0.2062628961602931,0.5629474250126062,0.4408946112377278,0.4791615161437914,0.4068134128104803,0.9954561891573444,0.5253645544476734
0.9071710623561702,0.6934189739885176,0.4536425275524938,0.7084376381199605,0.664000796358668,0.2552141039758169,0.8270073537352398,0.8897719853166646,0.4654902048435057
0.0249393354663747,0.733751644235023,0.9543844108016888,0.6206097444787411,0.920877692088855,0.8972011887889906,0.4900296354407963,0.3179047631597194,0.5229787733738541
0.8135833563338192,0.3928931306736036,0.0971165676062931,0.84787353421589,0.8660080203299292,0.8519563351178441,0.5119439371713932,0.3192191346583088,0.1338821404523156
0.0351420477527129,0.7245850077690454,0.2594021257705918,0.9169733860459652,0.9896932537763758,0.9741388438695652,0.7142573412221958,0.3707262925081228,0.6723549156535654
0.0352436998621741,0.002840951895692,0.4709325500302996,0.2908776615559781,0.1619618537547903,0.9593954699877624,0.7111224722137779,0.3596780222601768,0.3224827754474972
0.7158579120348451,0.5754452033552673,0.7872533731942076,0.1840706668813524,0.3780719774284108,0.9830035484220058,0.8146987012588304,0.2867233727257415,0.8410634990507669
0.1486529837505656,0.3090266757988513,0.5076912405705853,0.1820700485952139,0.4430579162541053,0.0397804929620634,0.7278421980474129,0.0392581994411218,0.8225702830020609
0.2585608534616687,0.8789606334023925,0.2718121165468072,0.6849039837263495,0.664371633831809,0.4582978270059047,0.2430033500346229,0.635642842520076,0.9757626294880348
0.0585485657830042,0.5181683230389775,0.1757320438588177,0.1089900297323058,0.3708040559584242,0.5681155501197295,0.5896392838177033,0.015182718895104,0.9752129571685276
0.5353944717949365,0.4333643080524362,0.1045058669135952,0.6671865476286895,0.4990494193560387,0.4510379217261212,0.849693794069021,0.6766197913343446,0.2919984345360253
0.3134347536132881,0.3064082009056637,0.156617801524878,0.3887513905531783,0.4191840569759107,0.9712904910823168,0.4095513344303378,0.1579732225123217,0.0809200146925931
0.3611675699549278,0.648648537067055,0.8298036144234516,0.5596017475924703,0.71940893080001,0.966996466894164,0.2702439429271214,0.4063271813371318,0.1377038354205978
0.5143657146532167,0.555972288558828,0.4684698337907613,0.4428782449472921,0.8094344195841718,0.3912181110942413,0.269631549858027,0.0187001708013148,0.8420272959830876
0.4778608258647265,0.2341525451258778,0.5877674920608454,0.7455980650175761,0.8373995057863258,0.4198684246066677,0.21537616562034,0.6939627016613531,0.706724900847315
0.9118274503193842,0.0624420946967676,0.8619542038614919,0.3216069799611393,0.9827326525907965,0.1912943445984362,0.2490383230966969,0.935721869784279,0.909232706568792
0.326926876456006,0.3505471338920461,0.9523460330659262,0.7020593502647978,0.8097016219934122,0.7058815764522186,0.1431710917731798,0.132319777890166,0.3649835303945433
0.079548961157936,0.1338860347705206,0.3616094281487142,0.5015802432819503,0.2880872017158103,0.7648966500406561,0.6845731540175829,0.941728798772534,0.8803569381403464
0.3983766827934394,0.9667391757007968,0.0863392145991339,0.5263832566278875,0.0768947888354064,0.296350587140687,0.9423049040778148,0.7701384171237683,0.6970239669336878
0.1797504988251549,0.6807897559558475,0.8765093643324751,0.0748220268111296,0.7561616504920894,0.6238027821407699,0.0604557399261043,0.6327367977673426,0.3095619922543738
0.0233363755513515,0.3978420612628884,0.6022118340043853,0.3494818190341309,0.2594887783322702,0.2969579157634485,0.313061314742846,0.8161368464746668,0.4193949121175994
0.803716417813103,0.9807262678052168,0.8037528130098802,0.3012636595337972,0.3846975206443225,0.7649787265294521,0.2466268852330866,0.8295716954705638,0.7352478519753161
0.7592300839241081,0.2450856072600199,0.4732924254036952,0.7041905019124008,0.1635905395317444,0.714683969221889,0.4793681085172294,0.2386355489354622,0.135248887635601
0.2199478218339859,0.3806081153075029,0.3463266627028514,0.8218358153976061,0.3378244945365225,0.2237293611725086,0.3257415402097842,0.4285164029721826,0.384916102456706
0.6918306858029101,0.5147326264912067,0.4788317559468213,0.4581629462105764,0.3736765175521968,0.4078841711763382,0.607574071570312,0.0299098944277709,0.8569318546085863
0.6047124262042214,0.4089427491546668,0.5790092682628519,0.4919853373488869,0.5821457849401268,0.5354426621640321,0.7749843926147335,0.1421769747615444,0.5859166304190715
0.5418282457604624,0.838678965773657,0.6852829114713377,0.5755044971098777,0.2262346909007818,0.9852503508103914,0.7750159835951353,0.8505304623112565,0.6931954672313927
0.0665188187895032,0.5739217859359783,0.5794218143782333,0.8253872908948282,0.7300057775226004,0.5348328501777363,0.0609534833095873,0.9401687351902293,0.3158097373246455
0.1547268918384275,0.1717253093371111,0.561750367687313,0.6967676620133929,0.9771239487702033,0.9454303183733652,0.9215328697946312,0.208589953077537,0.7903917990800925
0.1718734666948844,0.8008139334253063,0.0526444513029841,0.727890653539342,0.2796825846387493,0.3200583438891219,0.5102503078544144,0.3838760431518964,0.091815840388661
0.4647431038574869,0.3696842144263808,0.1891312529869234,0.9321522618509502,0.0985387684431723,0.1414901155784924,0.2517715133736634,0.5304863927681862,0.9742552279200332
0.5232413395747973,0.21625566254418,0.6596209532079268,0.2900976182767188,0.0133194302731961,0.0817165944537183,0.2366519963797512,0.4418534491249541,0.6930441257608937
0.5242590673016312,0.691732697317206,0.2650722149598201,0.6993616001510582,0.4909927588987842,0.9833230617937798,0.1653877899916818,0.9008114331758604,0.7203568776494869
0.0975836014185786,0.9477118123440138,0.4875636807104859,0.7374038510802993,0.7208179159789104,0.7309179787586702,0.4088872623493097,0.1739092243074479,0.169597798018818
0.2826811196834802,0.2388027069006157,0.6549714664349322,0.1666985399212159,0.6637453299276054,0.2149700223126259,0.2008878036535935,0.8801710405757176,0.5651314499193879
0.9470118023629956,0.2955159226996994,0.2807434329281356,0.6553308099288669,0.2385456457032589,0.6840514744274255,0.1525976263779112,0.3447105727210086,0.3777862513189773
0.5229396421120001,0.7628732327757993,0.3341845226953479,0.1388836398355944,0.0580587695613497,0.8402130482127412,0.7622690824859333,0.4421745025859807,0.2639540207336261
0.5333493211646364,0.8190020424206694,0.3048638906944264,0.176954775260441,0.5238000693061579,0.4775539067943607,0.8460248334161518,0.9896474713033664,0.2588647717769549
0.2625033967842369,0.0614974272758066,0.9443042514371012,0.1146901300640436,0.0770842426582797,0.3667252370490079,0.5932034146675298,0.321149998784097,0.878233337037297
0.4042524684947085,0.6112475607966277,0.8055364644652556,0.6537628461922335,0.3296406837830525,0.7510719505250408,0.0134245732620059,0.8416851875007294,0.817819771754251
0.5953778150187068,0.3872254174148949,0.5146239783902069,0.1497710434718849,0.6776260514663638,0.116860989935546,0.2431147890999798,0.2249963494216886,0.276991299973272
0.5157592393629724,0.0669706452860956,0.7182434035958496,0.3218131433069823,0.7249304196639133,0.6147398597501935,0.7786341194115545,0.7981507646394017,0.0990443416683302
0.7305014320503379,0.6845946921180188,0.5328546675445085,0.3286883681872008,0.1631996665479849,0.2616240961614772,0.3134523830661123,0.699595604457256,0.5137856394622482
0.3028327877116192,0.124336796611,0.6127302772885969,0.4806925671939184,0.0326508145489409,0.7247042133904766,0.4362241614324299,0.6868570073155207,0.9402756969335891
0.6428751810417098,0.8865262059029448,0.779027126234878,0.8132969450925652,0.972149932223447,0.3889071879760345,0.1221867494060384,0.6743197966540998,0.945307687079128
0.2835422190067301,0.1813734806822323,0.6219466523777877,0.5809141248881581,0.1308905033043678,0.7302398751780116,0.6351080295899476,0.2619523505386985,0.2610895679697236
0.3065547539927946,0.6496612853518635,0.4434836418519912,0.5136346420297676,0.2968695658407901,0.2149910982589599,0.5951632612332827,0.861583136022782,0.535915361775351
0.934539793333166,0.5675766080426548,0.2013474307306101,0.5169158528841765,0.2132202449276444,0.7197713204601005,0.4200224545917831,0.5452242326689505,0.3081016458018192
0.7809542505985039,0.0578475633731254,0.9674452263046694,0.0478613735671105,0.8007768602327604,0.3640652022440827,0.6123924262721844,0.8106706642290583,0.7239320995853264
0.8687496570047774,0.3849295228451241,0.7613723956259382,0.3446431393464296,0.4076733724567866,0.4934791968641199,0.3109864354525351,0.3195107945507389,0.4299353652338223
0.1910950176725122,0.2998318557027852,0.0889292141424678,0.0337255718423334,0.3154793606889438,0.6560481070561309,0.6433748576962494,0.7550282712479508,0.3601452828593552
0.8732142978030337,0.922695456638969,0.6311958576627221,0.8658640386986893,0.6717393160247495,0.4162009896537327,0.3730836092431522,0.1653099635603728,0.7750284400793848
0.4273752476402755,0.6131306216272253,0.3809676102495529,0.0833710255190837,0.8738426320754672,0.9760506701205488,0.2348488030056419,0.2511111415413017,0.851783060360115
0.6781349503536998,0.1410845857443103,0.369554377559795,0.2473216171408903,0.8594114588591439,0.8885303125205938,0.0274796948012473,0.663090834748007,0.4330459200790963
0.4956617601381862,0.4077218721163326,0.2074444853068299,0.417755189740721,0.7029124708244369,0.2242253493533333,0.2042676937628684,0.2161324213221405,0.498090674304556
0.6330036603095683,0.875514851324042,0.1427923248161497,0.4022710050318611,0.3394681031520246,0.0047695644544286,0.3512654839670942,0.2044396404024946,0.5863144073458814
0.7239555799841736,0.6238204991031393,0.7618215865275941,0.8934364439782413,0.5813743881939079,0.9811140140631812,0.9259393622227646,0.8216829394333506,0.1281785058174166
0.6911895048403063,0.8864527325043511,0.2818360837446363,0.4109957620945736,0.5632120447941694,0.8259520216756361,0.0171355011942507,0.7536678915507952,0.993778471761671
0.616138631105143,0.202823709805646,0.4214766111707083,0.0615829452874241,0.2333816214138248,0.0685145665607184,0.6685083961067899,0.282490772982541,0.9152612587050848
0.9635392378695512,0.9409331093657496,0.8724174959721559,0.2300425952547784,0.0086368938215243,0.6099598823916613,0.8393850165691434,0.2749991498677464,0.2299001763566609
0.5593724843846333,0.4453372634547307,0.439360860611186,0.5631407957149226,0.4679643339972337,0.3882205258803661,0.3498107057560493,0.6444422674167855,0.1568791826763067
0.054492950765054,0.865808034855663,0.1596125030214895,0.0577296838337698,0.5354289154440379,0.9452477333428632,0.0154121255919866,0.1532406143509885,0.9297145249194888
0.1147636063320345,0.5613073606835264,0.1262461558023714,0.5947245522091191,0.6805549740725239,0.7235585657928216,0.7453367204359015,0.0022306055786471,0.168057837944258
0.5868741177257155,0.2223390996829894,0.8282564361609519,0.9339510350426584,0.0532758491533048,0.9168530195265954,0.7772938406032094,0.3757945616219564,0.7109658714843
0.3853825648878956,0.4825009508708665,0.2382589447046684,0.7791569628454922,0.565455453097091,0.1084458346187245,0.2664015040970368,0.1995473592718242,0.3270536103170458
0.556369964678136,0.0880435719070467,0.2987258780841397,0.4537810836979983,0.9031202908029676,0.517367193156289,0.866123694240646,0.553270102281502,0.8062270039202217
0.8761422108542672,0.2137077494786015,0.8166991527524744,0.0919888518368777,0.4231840490870902,0.5211248059753403,0.4104760027074804,0.5047720150458768,0.2577565794020308
0.0307630246099425,0.319570693051841,0.8207445211699866,0.8725218311714896,0.953911890977118,0.7479383542310197,0.7365061344749421,0.8580495680241192,0.577936876110735
0.1802141885790482,0.216564672184065,0.0594551439248258,0.1498676144025991,0.933241338690332,0.6596860896322655,0.1378375752715359,0.0818591828626797,0.421498452379429
0.5456829806114493,0.8764784294463375,0.8037882438688563,0.8593776571750374,0.3797748131855124,0.5493334334698025,0.1688171286226186,0.7859746746525775,0.4825775527006505
0.7057753359017832,0.1026619739581542,0.3847268506108341,0.8124206146849737,0.261310735217151,0.6685599035882351,0.3181561441928329,0.3479348452594016,0.5817532901235194
0.2606763341515434,0.7821996886089742,0.6832366389711906,0.2403090563672409,0.3583902332850598,0.3926985472219575,0.551598221738811,0.4816012129957612,0.3498101691994119
0.0820742993365979,0.3718773678849878,0.495540159551236,0.7558064454137061,0.2505007906996072,0.0741728685441689,0.8955513357360934,0.3181426624968283,0.3362247009858657
0.0323391529677991,0.4795154271208675,0.6112883369608277,0.4709110682369242,0.5520230661811544,0.8795960487352676,0.9547626752552176,0.014250693587656,0.946021591041986
0.9748089965363296,0.4910813649998626,0.1936675506007397,0.2476516826045006,0.908759346851041,0.7069497870028207,0.4951164257533034,0.9050644604715052,0.3451652479376434
0.2738943889985724,0.2541910403974058,0.3948853878997818,0.1614848445856802,0.041258077522321,0.3316375203766103,0.522551440761333,0.01056679641774,0.9741686416741748
0.2269090531960398,0.3616978255749966,0.7894958213558605,0.1780189259845742,0.5174027061059773,0.6697793229517712,0.749691778233765,0.581581975613059,0.7072517926294044
0.6413011091109024,0.6364243640476277,0.7166562071907957,0.8259214027023192,0.972863192300884,0.4545515384364145,0.8196941242763368,0.432005084661237,0.6899226288238136
0.1679785026979429,0.2863416171992543,0.1422635502630217,0.6114804640417436,0.1754221669624228,0.4126484048028259,0.9124477863835304,0.2492071893588234,0.6349996656428928
0.933398828275176,0.9906746654423524,0.9267222977560357,0.590715659902431,0.2822604083829513,0.5235616224797329,0.9061468513740532,0.3017604870788328,0.3570257765440926
0.3267327067743114,0.3627187835378868,0.2745909289473804,0.7562344719225003,0.1716263681342577,0.8173294733230257,0.2637531749672319,0.3800731588643967,0.3358088233721488
0.911198452815037,0.8489769460697895,0.7468779931277931,0.7861283714764388,0.0584830642263233,0.4309439640777933,0.3761810816107954,0.8270215258667982,0.2951805054247751
0.8924817182172023,0.6807199206040268,0.979882409082384,0.2499419404033837,0.6229191129174358,0.2114536495296087,0.5332331804238,0.5514335658250731,0.6072859563119464
0.1055331282656524,0.2517628450272786,0.0792959037724999,0.8253666766029631,0.8667778541784813,0.0688225970658393,0.2869748382297571,0.3742656272872909,0.3147554329123903
0.7352700752353153,0.9229204865808028,0.2246232467134125,0.4611967556864225,0.4846009251464961,0.5203419991607389,0.8009249755084343,0.7634544493055997,0.5596809001847065
0.4502923080774375,0.7597560821262249,0.6592347025090705,0.5542804694463541,0.0439055798143778,0.6875071321843097,0.6030212116657756,0.5021377425732262,0.1238120009227717
0.6000647284164581,0.7787298422038419,0.3643613849514324,0.9998187616150714,0.0895263699713336,0.3459613622041271,0.0645286250239454,0.0515121564698142,0.9217033049485592
0.6843436210771386,0.6562295601309318,0.7409736572042164,0.0321267991376577,0.6443260864642723,0.4205804988591394,0.8619695957913232,0.6029974275976898,0.2863175542896159
0.5990126117528773,0.8072192337163993,0.7028407718091833,0.9284446078200348,0.2822215774254045,0.8386642817842601,0.60253324893904,0.5315594515244573,0.579824177943638
0.650609442700362,0.3929799560136868,0.908473075671433,0.670143331114741,0.3017858610316892,0.6570696049613651,0.9924989271122222,0.5638537502338027,0.6568235755386389
0.2306903604085683,0.000412074216964,0.7778632028403552,0.1814188561710105,0.7508542959759726,0.4205200012959583,0.1214189169483805,0.9568581219074208,0.8379223893140502
0.1893609179929922,0.3441537433835121,0.1154022533901641,0.3963930751647365,0.916450956525976,0.7883138423151128,0.4661342266832637,0.0113193781526493,0.6209181750673555
0.8715594470807225,0.3779495136467545,0.4364998838324796,0.2320152648237132,0.2977147160394207,0.4546383932691148,0.945705874077054,0.103403878841245,0.5838679856511215
0.6935900734419278,0.6589478481890774,0.1790939490327854,0.8190883740051877,0.343479179715795,0.2182002876863311,0.1618964249394967,0.3461663683323868,0.7814054782045465
0.3979027166701906,0.8796214780211328,0.6053940600822038,0.5675769173022179,0.9392619496953026,0.8249943358305069,0.3352150987596282,0.1274708063922029,0.4669517105717865
0.0915871863411367,0.9770492798167006,0.7258869726096141,0.5127652522544047,0.1245349709018768,0.8356565267818556,0.8326984240482164,0.0275468977586498,0.146987750388555
0.9678158262741248,0.5756313160235231,0.4767004063590662,0.6891600538780944,0.3590980456244338,0.5094491975808682,0.1606641742698833,0.4704299942598985,0.2148585254702634
0.1754178611215713,0.8293085397834218,0.5523274154037353,0.9567321001002458,0.8795831347359379,0.1554664073852045,0.8516720733948333,0.8616532675257208,0.7180473309652379
0.308292324727122,0.8888205324132415,0.8917465116937631,0.442160770472694,0.8305966503503192,0.7068053803764826,0.0475353111685105,0.1706131188563823,0.4793063274631051
0.4144623943915361,0.0680780773447367,0.1590508602157607,0.7451874123615551,0.9373642274898792,0.5090783019105423,0.8900883189851481,0.575629528182541,0.6764450063437121
0.0102393938519956,0.3792066579769272,0.1902767315382159,0.4875862651134774,0.3846250096334919,0.9427946028113784,0.3237774607382704,0.3813670003785487,0.207365268542739
0.6573548542537773,0.0593568396348579,0.6400748043046672,0.7213929776885782,0.9405850731547862,0.9066771802548936,0.4816952389620452,0.7537893069935623,0.6039217698160732
0.999866513541063,0.9732709878611436,0.9545468366869428,0.0338508789000624,0.7543700673593953,0.6831815138094524,0.955466604687199,0.1216930175829354,0.4775943100764598
0.844884711069848,0.197555500280922,0.3646953548098275,0.8562290276418366,0.2197124739044182,0.1336119618336363,0.2461459835296128,0.7913913983683745,0.1515230170767862
0.2652202398514923,0.0642883160239434,0.3017874155360186,0.1498801204858558,0.8471096400480197,0.1894560450991044,0.6342980855714438,0.5694095134574446,0.3858414623861189
0.9243599397614248,0.1811461999256828,0.3664631723751373,0.2452691360576036,0.4832126649323633,0.8629684769454468,0.8639848696983681,0.2820774553216947,0.4839673899797222
0.0857428616582619,0.980374162836011,0.2553057881701052,0.4796269416798764,0.961609263149666,0.3074725760074934,0.529055317067459,0.2499858970088259,0.2731247316357547
0.6941583729386929,0.9039533375726092,0.704466490046336,0.2141492195478882,0.8369797028544633,0.9647646042675788,0.0568150352803602,0.4066718776879484,0.0017305995671335
0.5482095427998976,0.3503660372566239,0.6605695766921978,0.498621782179554,0.6964657490840457,0.9680805754546632,0.6877726211762392,0.2474976583541438,0.7836549016844312
0.6934646480632675,0.2241559925877466,0.8023983486684001,0.9470045489882756,0.2596311583072084,0.9270742538418182,0.3639189218437336,0.4361355271058573,0.4078006308801315
0.4799682633222879,0.3052249374238034,0.2161825026484775,0.3021117324629616,0.1663097362797919,0.7128227015468941,0.6005613091187716,0.4904914205456704,0.3482577606801403
0.4158678831026121,0.7516400578473195,0.379388132987786,0.2247185876251909,0.5693983523516288,0.249194546608334,0.6354594247472508,0.3165411356338949,0.7296562724018915
0.2189140751885054,0.6122218444953534,0.8489732766736174,0.2436582512169102,0.455635430415116,0.4839684037152878,0.9104738713886104,0.6552716461568816,0.3662696177221042
0.2728469223605396,0.0416696951008981,0.1066105722973097,0.8024473842529961,0.5649061870678109,0.7031197318574637,0.367703723514437,0.9638804935792044,0.7418380333240651
0.6129653006447683,0.0144640789745352,0.2238186783146243,0.0967209408079827,0.6694598163187994,0.4174980082472004,0.1825298333599,0.6029053361298969,0.0403554474835485
0.8407186661098485,0.3459032884749192,0.164105819202259,0.490542052831509,0.8514110791785213,0.1193546459907136,0.8199239621680839,0.6971397686435554,0.8067671557149629
0.7507673904871836,0.261440046177944,0.4847944755463593,0.8331509445412578,0.5573905765735323,0.9321543289804372,0.7790967258790321,0.7575155483330024,0.0955115274171124
0.2307231412709748,0.2266360629337827,0.1642788741505978,0.3821557022662512,0.134749214365516,0.2240403248782992,0.4274580936363067,0.5824589669599878,0.3586356132042619
0.2856370764451394,0.0662582555557249,0.6321401009771107,0.7723291753073531,0.6322746854748212,0.5536596782426412,0.6067908529138252,0.1579628632549281,0.6716192167787491
0.7053077520113663,0.0324855209908979,0.8995846325496925,0.6168671587098777,0.3180280452986184,0.3292647279804408,0.0201322965250809,0.5258310091671662,0.8608599128178532
0.5525133904334052,0.6906509027884788,0.3282074973014568,0.3327513743898371,0.1183812598740007,0.9075321721903592,0.9930645925072008,0.300421170698367,0.5122040074249367
0.6603779709069655,0.5160842652983757,0.8062598602700295,0.7376607658130282,0.5104674878697829,0.4204026975432662,0.1801242780953529,0.1114773975216786,0.4984790159828671
0.2878052497312233,0.1701301717653534,0.5213352576403005,0.7060674739381728,0.12663272494843,0.2189185733946286,0.4762592460061237,0.0365066072947658,0.6195633028573959
0.7139908129324826,0.7770811536411893,0.4727625482409452,0.8535072733354745,0.3715607892742288,0.3218708742814747,0.3752194745593395,0.725009772399444,0.8435832982591579
0.6773026789641088,0.3094869128518962,0.1846754363739001,0.8667190210936845,0.330740125329888,0.3355259218906981,0.7193287512953034,0.3970617191775156,0.6547075060981603
0.1349012729209476,0.7803070232658731,0.6234707294598284,0.5932153234209119,0.686799431024799,0.4197326622961398,0.7374273007011288,0.4224402247148809,0.5101941296684653
0.3852090682539199,0.3900319860240736,0.2521831860977145,0.7729095007282138,0.542179671869411,0.1315536391919128,0.8553159392346351,0.096155048811121,0.0447705917918821
0.1350960409117901,0.2949268176780029,0.5841052039893343,0.229048114218649,0.8103137795034954,0.6370906944860386,0.5895445983091618,0.5342588759872839,0.8051362149971683
0.3176286947528718,0.6151912319631841,0.2904030684623636,0.1806149073695147,0.6875339295952635,0.408906644236238,0.2145875515023261,0.355679938614538,0.8057107332367054
0.4349760237812281,0.5295862638579931,0.6515887820679436,0.867031326564264,0.6883056786053539,0.3375972709122298,0.9546339461239594,0.4048671536036019,0.3866494199058938
0.4346117901597265,0.7568830136598703,0.0838057353615367,0.7350112026735325,0.782308820060477,0.9822180049616372,0.0524913438444777,0.8271001524967487,0.0186326999736821
0.9299511316386594,0.2239227463732951,0.0593730843591235,0.7389645563644237,0.8630821315166626,0.8617055396123177,0.1940662908543556,0.6205227390398824,0.674923076175019
0.266587068203077,0.0360052240466187,0.6621759384422842,0.3299603439067303,0.0673221415953283,0.3520720041576721,0.2837321521008433,0.7039087999629373,0.7177789912171861
0.8066064149911057,0.6583607375477725,0.0964327465586847,0.4359064266678697,0.0524465343283907,0.8435437785406001,0.4203049447421692,0.756574095109573,0.0663782405350948
0.7892250924153424,0.550715357166973,0.3078977914075795,0.2318733926036751,0.5906700119852312,0.0204100312012356,0.3224974412070285,0.363083338134012,0.6785861178309146
0.4576013071720397,0.8854661276900893,0.9535852150542568,0.8668032952178609,0.6149873329605677,0.1573168386386562,0.2734960384935326,0.2405302130510943,0.0660785161305287
0.3982509430375966,0.1898207626770655,0.5047972573970472,0.2884448513442288,0.5873521721604407,0.1277045208370717,0.4521189384089529,0.090116730275746,0.3128177046569644
0.9246563983064876,0.3866253249396874,0.7226486026913356,0.4238736684799512,0.3409250007672981,0.6614238829841377,0.3763122339221684,0.4352806414943478,0.1899834315962083
0.3914410648556016,0.9036433456706368,0.0813654865851867,0.217107223930959,0.3109876224493597,0.8994143707809648,0.6391379380420898,0.4076513795747685,0.8359910629860777
0.4961621611533904,0.5736269376645214,0.3918272274296658,0.7897206457267041,0.9435446274674346,0.5368298469022972,0.9888830745509412,0.5257641870095586,0.1040150260905318
0.6813716543423307,0.8689065278566455,0.0635970561720266,0.7045021536119416,0.4539908353418711,0.1600905307619431,0.6163877812677284,0.1094537268780627,0.9413202261584608
